USUBJID,actual_treatment,actual_treatment_code,age,sex,adverse_event_term,preferred_term,severity,serious_event_flag,relatedness,treatment_emergent_flag,event_start_date,event_end_date,event_duration_days,outcome
01-701-1015,Placebo,0,63,F,APPLICATION SITE ERYTHEMA,APPLICATION SITE ERYTHEMA,MILD,N,PROBABLE,Y,2014-01-03,NA,NA,NOT RECOVERED/NOT RESOLVED
01-701-1015,Placebo,0,63,F,APPLICATION SITE PRURITUS,APPLICATION SITE PRURITUS,MILD,N,PROBABLE,Y,2014-01-03,NA,NA,NOT RECOVERED/NOT RESOLVED
01-701-1015,Placebo,0,63,F,DIARRHOEA,DIARRHOEA,MILD,N,REMOTE,Y,2014-01-09,2014-01-11,3,RECOVERED/RESOLVED
01-701-1023,Placebo,0,64,M,ERYTHEMA,ERYTHEMA,MILD,N,POSSIBLE,Y,2012-08-07,2012-08-30,24,NOT RECOVERED/NOT RESOLVED
01-701-1023,Placebo,0,64,M,ERYTHEMA,ERYTHEMA,MODERATE,N,PROBABLE,Y,2012-08-07,NA,NA,NOT RECOVERED/NOT RESOLVED
01-701-1023,Placebo,0,64,M,ATRIOVENTRICULAR BLOCK SECOND DEGREE,ATRIOVENTRICULAR BLOCK SECOND DEGREE,MILD,N,POSSIBLE,Y,2012-08-26,NA,NA,NOT RECOVERED/NOT RESOLVED
01-701-1023,Placebo,0,64,M,ERYTHEMA,ERYTHEMA,MILD,N,POSSIBLE,Y,2012-08-07,2012-08-30,24,RECOVERED/RESOLVED
01-701-1028,Xanomeline High Dose,81,71,M,APPLICATION SITE ERYTHEMA,APPLICATION SITE ERYTHEMA,MILD,N,POSSIBLE,Y,2013-07-21,NA,NA,NOT RECOVERED/NOT RESOLVED
01-701-1028,Xanomeline High Dose,81,71,M,APPLICATION SITE PRURITUS,APPLICATION SITE PRURITUS,MILD,N,PROBABLE,Y,2013-08-08,NA,NA,NOT RECOVERED/NOT RESOLVED
01-701-1034,Xanomeline High Dose,81,77,F,APPLICATION SITE PRURITUS,APPLICATION SITE PRURITUS,MILD,N,PROBABLE,Y,2014-08-27,NA,NA,NOT RECOVERED/NOT RESOLVED
01-701-1034,Xanomeline High Dose,81,77,F,FATIGUE,FATIGUE,MILD,N,POSSIBLE,Y,2014-11-02,NA,NA,NOT RECOVERED/NOT RESOLVED
01-701-1047,Placebo,0,85,F,HIATUS HERNIA,HIATUS HERNIA,MODERATE,N,NONE,Y,2013-02-12,2013-02-12,1,NOT RECOVERED/NOT RESOLVED
01-701-1047,Placebo,0,85,F,HIATUS HERNIA,HIATUS HERNIA,MODERATE,N,NONE,Y,2013-02-12,2013-02-12,1,RECOVERED/RESOLVED
01-701-1047,Placebo,0,85,F,UPPER RESPIRATORY TRACT INFECTION,UPPER RESPIRATORY TRACT INFECTION,MILD,N,NONE,Y,2013-03-06,NA,NA,NOT RECOVERED/NOT RESOLVED
01-701-1047,Placebo,0,85,F,BUNDLE BRANCH BLOCK LEFT,BUNDLE BRANCH BLOCK LEFT,MILD,N,NONE,Y,2013-03-10,NA,NA,NOT RECOVERED/NOT RESOLVED
01-701-1097,Xanomeline Low Dose,54,68,M,ERYTHEMA,ERYTHEMA,MILD,N,POSSIBLE,Y,2014-01-03,NA,NA,NOT RECOVERED/NOT RESOLVED
01-701-1097,Xanomeline Low Dose,54,68,M,PRURITUS GENERALISED,PRURITUS GENERALISED,MODERATE,N,POSSIBLE,Y,2014-02-20,2014-02-20,1,RECOVERED/RESOLVED
01-701-1097,Xanomeline Low Dose,54,68,M,APPLICATION SITE VESICLES,APPLICATION SITE VESICLES,MILD,N,PROBABLE,Y,2014-02-20,2014-02-22,3,RECOVERED/RESOLVED
01-701-1097,Xanomeline Low Dose,54,68,M,APPLICATION SITE PRURITUS,APPLICATION SITE PRURITUS,MILD,N,POSSIBLE,Y,2014-02-21,NA,NA,NOT RECOVERED/NOT RESOLVED
01-701-1097,Xanomeline Low Dose,54,68,M,PRURITUS GENERALISED,PRURITUS GENERALISED,MODERATE,N,POSSIBLE,Y,2014-03-21,2014-03-21,1,RECOVERED/RESOLVED
01-701-1097,Xanomeline Low Dose,54,68,M,PRURITUS GENERALISED,PRURITUS GENERALISED,MODERATE,N,POSSIBLE,Y,2014-03-31,2014-03-31,1,RECOVERED/RESOLVED
01-701-1097,Xanomeline Low Dose,54,68,M,PRURITUS GENERALISED,PRURITUS GENERALISED,MODERATE,N,POSSIBLE,Y,2014-04-19,2014-04-20,2,RECOVERED/RESOLVED
01-701-1097,Xanomeline Low Dose,54,68,M,PHARYNGOLARYNGEAL PAIN,PHARYNGOLARYNGEAL PAIN,MILD,N,NONE,Y,2014-04-19,2014-04-22,4,RECOVERED/RESOLVED
01-701-1097,Xanomeline Low Dose,54,68,M,NASAL CONGESTION,NASAL CONGESTION,MILD,N,NONE,Y,2014-04-19,2014-04-22,4,RECOVERED/RESOLVED
01-701-1097,Xanomeline Low Dose,54,68,M,APPLICATION SITE PRURITUS,APPLICATION SITE PRURITUS,MODERATE,N,POSSIBLE,Y,2014-02-21,NA,NA,NOT RECOVERED/NOT RESOLVED
01-701-1111,Xanomeline Low Dose,54,81,F,ERYTHEMA,ERYTHEMA,MILD,N,NONE,N,2012-09-02,2012-09-07,6,NOT RECOVERED/NOT RESOLVED
01-701-1111,Xanomeline Low Dose,54,81,F,PRURITUS,PRURITUS,MILD,N,NONE,N,2012-09-02,2012-09-07,6,NOT RECOVERED/NOT RESOLVED
01-701-1111,Xanomeline Low Dose,54,81,F,LOCALISED INFECTION,LOCALISED INFECTION,MODERATE,N,NONE,N,2012-07-08,NA,NA,NOT RECOVERED/NOT RESOLVED
01-701-1111,Xanomeline Low Dose,54,81,F,ERYTHEMA,ERYTHEMA,MILD,N,NONE,N,2012-09-02,2012-09-07,6,RECOVERED/RESOLVED
01-701-1111,Xanomeline Low Dose,54,81,F,PRURITUS,PRURITUS,MILD,N,NONE,N,2012-09-02,2012-09-07,6,RECOVERED/RESOLVED
01-701-1111,Xanomeline Low Dose,54,81,F,MICTURITION URGENCY,MICTURITION URGENCY,MILD,N,NONE,Y,2012-09-07,NA,NA,NOT RECOVERED/NOT RESOLVED
01-701-1111,Xanomeline Low Dose,54,81,F,ARTHRALGIA,ARTHRALGIA,MODERATE,N,NONE,Y,2012-09-13,NA,NA,NOT RECOVERED/NOT RESOLVED
01-701-1111,Xanomeline Low Dose,54,81,F,CELLULITIS,CELLULITIS,MODERATE,N,NONE,Y,2012-09-13,NA,NA,NOT RECOVERED/NOT RESOLVED
01-701-1115,Xanomeline Low Dose,54,84,M,APPLICATION SITE ERYTHEMA,APPLICATION SITE ERYTHEMA,MILD,N,PROBABLE,Y,2012-12-02,NA,NA,NOT RECOVERED/NOT RESOLVED
01-701-1115,Xanomeline Low Dose,54,84,M,APPLICATION SITE PRURITUS,APPLICATION SITE PRURITUS,MILD,N,PROBABLE,Y,2012-12-02,NA,NA,NOT RECOVERED/NOT RESOLVED
01-701-1115,Xanomeline Low Dose,54,84,M,APPLICATION SITE IRRITATION,APPLICATION SITE IRRITATION,MILD,N,POSSIBLE,Y,2012-12-26,2012-12-26,1,NOT RECOVERED/NOT RESOLVED
01-701-1115,Xanomeline Low Dose,54,84,M,APPLICATION SITE IRRITATION,APPLICATION SITE IRRITATION,MILD,N,POSSIBLE,Y,2012-12-26,2012-12-26,1,RECOVERED/RESOLVED
01-701-1115,Xanomeline Low Dose,54,84,M,APPLICATION SITE ERYTHEMA,APPLICATION SITE ERYTHEMA,MODERATE,N,PROBABLE,Y,2012-12-02,NA,NA,NOT RECOVERED/NOT RESOLVED
01-701-1115,Xanomeline Low Dose,54,84,M,APPLICATION SITE PRURITUS,APPLICATION SITE PRURITUS,MODERATE,N,PROBABLE,Y,2012-12-02,NA,NA,NOT RECOVERED/NOT RESOLVED
01-701-1115,Xanomeline Low Dose,54,84,M,FATIGUE,FATIGUE,MODERATE,N,REMOTE,Y,2013-01-14,NA,NA,NOT RECOVERED/NOT RESOLVED
01-701-1115,Xanomeline Low Dose,54,84,M,APPLICATION SITE IRRITATION,APPLICATION SITE IRRITATION,MODERATE,N,PROBABLE,Y,2013-01-19,NA,NA,NOT RECOVERED/NOT RESOLVED
01-701-1115,Xanomeline Low Dose,54,84,M,APPLICATION SITE DERMATITIS,APPLICATION SITE DERMATITIS,MODERATE,N,PROBABLE,Y,2013-01-19,NA,NA,NOT RECOVERED/NOT RESOLVED
01-701-1118,Placebo,0,52,M,COUGH,COUGH,MILD,N,NONE,N,NA,NA,NA,NOT RECOVERED/NOT RESOLVED
01-701-1130,Placebo,0,84,M,URINARY TRACT INFECTION,URINARY TRACT INFECTION,MILD,N,NONE,Y,2014-03-09,2014-03-16,8,NOT RECOVERED/NOT RESOLVED
01-701-1130,Placebo,0,84,M,PYREXIA,PYREXIA,MILD,N,NONE,Y,2014-03-09,2014-03-09,1,RECOVERED/RESOLVED
01-701-1130,Placebo,0,84,M,URINARY TRACT INFECTION,URINARY TRACT INFECTION,MILD,N,NONE,Y,2014-03-09,2014-03-16,8,RECOVERED/RESOLVED
01-701-1130,Placebo,0,84,M,EYE SWELLING,EYE SWELLING,MILD,N,NONE,Y,2014-05-09,2014-05-09,1,RECOVERED/RESOLVED
01-701-1130,Placebo,0,84,M,EYE ALLERGY,EYE ALLERGY,MILD,N,NONE,Y,2014-05-09,2014-05-09,1,RECOVERED/RESOLVED
01-701-1130,Placebo,0,84,M,EYE PRURITUS,EYE PRURITUS,MILD,N,REMOTE,Y,2014-05-22,NA,NA,NOT RECOVERED/NOT RESOLVED
01-701-1130,Placebo,0,84,M,PRURITUS,PRURITUS,MILD,N,REMOTE,Y,2014-05-22,NA,NA,NOT RECOVERED/NOT RESOLVED
01-701-1130,Placebo,0,84,M,NASAL CONGESTION,NASAL CONGESTION,MILD,N,REMOTE,Y,2014-05-22,NA,NA,NOT RECOVERED/NOT RESOLVED
01-701-1133,Xanomeline High Dose,81,81,F,APPLICATION SITE ERYTHEMA,APPLICATION SITE ERYTHEMA,MILD,N,PROBABLE,Y,2012-12-27,NA,NA,NOT RECOVERED/NOT RESOLVED
01-701-1133,Xanomeline High Dose,81,81,F,APPLICATION SITE PRURITUS,APPLICATION SITE PRURITUS,MILD,N,PROBABLE,Y,2012-12-27,NA,NA,NOT RECOVERED/NOT RESOLVED
01-701-1133,Xanomeline High Dose,81,81,F,APPLICATION SITE ERYTHEMA,APPLICATION SITE ERYTHEMA,MODERATE,N,PROBABLE,Y,2012-12-27,NA,NA,NOT RECOVERED/NOT RESOLVED
01-701-1133,Xanomeline High Dose,81,81,F,APPLICATION SITE PRURITUS,APPLICATION SITE PRURITUS,MODERATE,N,PROBABLE,Y,2012-12-27,NA,NA,NOT RECOVERED/NOT RESOLVED
01-701-1146,Xanomeline High Dose,81,75,F,RASH,RASH,MILD,N,NONE,N,2013-05-16,2013-06-02,18,NOT RECOVERED/NOT RESOLVED
01-701-1146,Xanomeline High Dose,81,75,F,RASH,RASH,MILD,N,NONE,N,2013-05-16,2013-06-02,18,RECOVERED/RESOLVED
01-701-1146,Xanomeline High Dose,81,75,F,APPLICATION SITE IRRITATION,APPLICATION SITE IRRITATION,MILD,N,PROBABLE,Y,2013-06-01,2013-06-02,2,RECOVERED/RESOLVED
01-701-1146,Xanomeline High Dose,81,75,F,FATIGUE,FATIGUE,MILD,N,POSSIBLE,Y,2013-06-03,NA,NA,NOT RECOVERED/NOT RESOLVED
01-701-1146,Xanomeline High Dose,81,75,F,APPLICATION SITE ERYTHEMA,APPLICATION SITE ERYTHEMA,MILD,N,PROBABLE,Y,2013-06-10,NA,NA,NOT RECOVERED/NOT RESOLVED
01-701-1146,Xanomeline High Dose,81,75,F,APPLICATION SITE PRURITUS,APPLICATION SITE PRURITUS,MILD,N,PROBABLE,Y,2013-06-10,NA,NA,NOT RECOVERED/NOT RESOLVED
01-701-1146,Xanomeline High Dose,81,75,F,APPLICATION SITE ERYTHEMA,APPLICATION SITE ERYTHEMA,MODERATE,N,PROBABLE,Y,2013-06-10,NA,NA,NOT RECOVERED/NOT RESOLVED
01-701-1146,Xanomeline High Dose,81,75,F,APPLICATION SITE PRURITUS,APPLICATION SITE PRURITUS,MODERATE,N,PROBABLE,Y,2013-06-10,NA,NA,NOT RECOVERED/NOT RESOLVED
01-701-1146,Xanomeline High Dose,81,75,F,APPLICATION SITE PAIN,APPLICATION SITE PAIN,MODERATE,N,PROBABLE,Y,2013-06-22,NA,NA,NOT RECOVERED/NOT RESOLVED
01-701-1146,Xanomeline High Dose,81,75,F,APPLICATION SITE VESICLES,APPLICATION SITE VESICLES,MODERATE,N,PROBABLE,Y,2013-06-26,NA,NA,NOT RECOVERED/NOT RESOLVED
01-701-1146,Xanomeline High Dose,81,75,F,APPLICATION SITE IRRITATION,APPLICATION SITE IRRITATION,MODERATE,N,PROBABLE,Y,2013-06-26,NA,NA,NOT RECOVERED/NOT RESOLVED
01-701-1148,Xanomeline High Dose,81,57,M,APPLICATION SITE ERYTHEMA,APPLICATION SITE ERYTHEMA,MILD,N,PROBABLE,Y,2013-08-25,NA,NA,NOT RECOVERED/NOT RESOLVED
01-701-1148,Xanomeline High Dose,81,57,M,APPLICATION SITE PRURITUS,APPLICATION SITE PRURITUS,MILD,N,PROBABLE,Y,2013-08-25,NA,NA,NOT RECOVERED/NOT RESOLVED
01-701-1148,Xanomeline High Dose,81,57,M,LOWER RESPIRATORY TRACT INFECTION,LOWER RESPIRATORY TRACT INFECTION,MODERATE,N,NONE,Y,2013-10-12,2013-11-10,30,NOT RECOVERED/NOT RESOLVED
01-701-1148,Xanomeline High Dose,81,57,M,LOWER RESPIRATORY TRACT INFECTION,LOWER RESPIRATORY TRACT INFECTION,MODERATE,N,NONE,Y,2013-10-12,2013-11-10,30,RECOVERED/RESOLVED
01-701-1148,Xanomeline High Dose,81,57,M,FLANK PAIN,FLANK PAIN,MODERATE,N,NONE,Y,2013-12-15,2013-12-17,3,RECOVERED/RESOLVED
01-701-1148,Xanomeline High Dose,81,57,M,CALCULUS URETHRAL,CALCULUS URETHRAL,MODERATE,N,NONE,Y,2013-12-17,2013-12-17,1,RECOVERED/RESOLVED
01-701-1148,Xanomeline High Dose,81,57,M,EPISTAXIS,EPISTAXIS,MILD,N,NONE,Y,2014-01-03,2014-01-03,1,RECOVERED/RESOLVED
01-701-1148,Xanomeline High Dose,81,57,M,DYSPEPSIA,DYSPEPSIA,MODERATE,N,NONE,N,2012-02-01,NA,NA,NOT RECOVERED/NOT RESOLVED
01-701-1148,Xanomeline High Dose,81,57,M,DEPRESSED MOOD,DEPRESSED MOOD,MODERATE,N,NONE,N,2013-07-29,NA,NA,NOT RECOVERED/NOT RESOLVED
01-701-1148,Xanomeline High Dose,81,57,M,ACTINIC KERATOSIS,ACTINIC KERATOSIS,MILD,N,NONE,Y,2014-02-12,NA,NA,NOT RECOVERED/NOT RESOLVED
01-701-1153,Placebo,0,79,F,INCREASED APPETITE,INCREASED APPETITE,MILD,N,POSSIBLE,Y,2013-10-13,2013-11-06,25,NOT RECOVERED/NOT RESOLVED
01-701-1153,Placebo,0,79,F,INCREASED APPETITE,INCREASED APPETITE,MILD,N,POSSIBLE,Y,2013-10-13,2013-11-06,25,RECOVERED/RESOLVED
01-701-1180,Xanomeline High Dose,81,56,M,VOMITING,VOMITING,MILD,N,NONE,Y,2013-02-12,2013-02-12,1,NOT RECOVERED/NOT RESOLVED
01-701-1180,Xanomeline High Dose,81,56,M,VOMITING,VOMITING,MILD,N,NONE,Y,2013-02-12,2013-02-12,1,RECOVERED/RESOLVED
01-701-1180,Xanomeline High Dose,81,56,M,MICTURITION URGENCY,MICTURITION URGENCY,MILD,N,POSSIBLE,Y,2013-02-15,2013-03-19,33,NOT RECOVERED/NOT RESOLVED
01-701-1180,Xanomeline High Dose,81,56,M,HEADACHE,HEADACHE,MODERATE,N,NONE,N,NA,NA,NA,NOT RECOVERED/NOT RESOLVED
01-701-1180,Xanomeline High Dose,81,56,M,NASOPHARYNGITIS,NASOPHARYNGITIS,MILD,N,NONE,Y,2013-03-06,2013-03-07,2,RECOVERED/RESOLVED
01-701-1180,Xanomeline High Dose,81,56,M,MICTURITION URGENCY,MICTURITION URGENCY,MILD,N,POSSIBLE,Y,2013-02-15,2013-03-19,33,RECOVERED/RESOLVED
01-701-1180,Xanomeline High Dose,81,56,M,APPLICATION SITE VESICLES,APPLICATION SITE VESICLES,MODERATE,N,POSSIBLE,Y,2013-03-19,NA,NA,NOT RECOVERED/NOT RESOLVED
01-701-1180,Xanomeline High Dose,81,56,M,APPLICATION SITE PRURITUS,APPLICATION SITE PRURITUS,MODERATE,N,POSSIBLE,Y,2013-03-19,NA,NA,NOT RECOVERED/NOT RESOLVED
01-701-1180,Xanomeline High Dose,81,56,M,APPLICATION SITE ERYTHEMA,APPLICATION SITE ERYTHEMA,MODERATE,N,POSSIBLE,Y,2013-03-19,NA,NA,NOT RECOVERED/NOT RESOLVED
01-701-1181,Xanomeline High Dose,81,79,F,AGITATION,AGITATION,MODERATE,N,NONE,Y,2013-12-09,2013-12-09,1,RECOVERED/RESOLVED
01-701-1188,Xanomeline Low Dose,54,71,M,ERYTHEMA,ERYTHEMA,MILD,N,PROBABLE,Y,2013-02-16,NA,NA,NOT RECOVERED/NOT RESOLVED
01-701-1188,Xanomeline Low Dose,54,71,M,PRURITUS,PRURITUS,MILD,N,PROBABLE,Y,2013-02-16,NA,NA,NOT RECOVERED/NOT RESOLVED
01-701-1188,Xanomeline Low Dose,54,71,M,ERYTHEMA,ERYTHEMA,MODERATE,N,PROBABLE,Y,2013-02-16,NA,NA,NOT RECOVERED/NOT RESOLVED
01-701-1188,Xanomeline Low Dose,54,71,M,PRURITUS,PRURITUS,MODERATE,N,PROBABLE,Y,2013-02-16,NA,NA,NOT RECOVERED/NOT RESOLVED
01-701-1188,Xanomeline Low Dose,54,71,M,URTICARIA,URTICARIA,MILD,N,PROBABLE,Y,2013-03-04,NA,NA,NOT RECOVERED/NOT RESOLVED
01-701-1188,Xanomeline Low Dose,54,71,M,URTICARIA,URTICARIA,MODERATE,N,PROBABLE,Y,2013-03-04,NA,NA,NOT RECOVERED/NOT RESOLVED
01-701-1188,Xanomeline Low Dose,54,71,M,APPLICATION SITE URTICARIA,APPLICATION SITE URTICARIA,MILD,N,PROBABLE,Y,2013-03-21,NA,NA,NOT RECOVERED/NOT RESOLVED
01-701-1188,Xanomeline Low Dose,54,71,M,URTICARIA,URTICARIA,MILD,N,PROBABLE,Y,2013-03-21,NA,NA,NOT RECOVERED/NOT RESOLVED
01-701-1192,Xanomeline Low Dose,54,80,F,NASAL MUCOSA BIOPSY,NASAL MUCOSA BIOPSY,MILD,N,NONE,Y,2012-08-03,2012-08-03,1,RECOVERED/RESOLVED
01-701-1192,Xanomeline Low Dose,54,80,F,SECRETION DISCHARGE,SECRETION DISCHARGE,MILD,N,NONE,Y,2012-08-07,2012-09-14,39,NOT RECOVERED/NOT RESOLVED
01-701-1192,Xanomeline Low Dose,54,80,F,ERYTHEMA,ERYTHEMA,MILD,N,NONE,Y,2012-08-07,2012-09-14,39,NOT RECOVERED/NOT RESOLVED
01-701-1192,Xanomeline Low Dose,54,80,F,COUGH,COUGH,MODERATE,N,NONE,N,2010-06-01,NA,NA,NOT RECOVERED/NOT RESOLVED
01-701-1192,Xanomeline Low Dose,54,80,F,SECRETION DISCHARGE,SECRETION DISCHARGE,MILD,N,NONE,Y,2012-08-07,2012-09-14,39,RECOVERED/RESOLVED
01-701-1192,Xanomeline Low Dose,54,80,F,ERYTHEMA,ERYTHEMA,MILD,N,NONE,Y,2012-08-07,2012-09-14,39,RECOVERED/RESOLVED
01-701-1192,Xanomeline Low Dose,54,80,F,PNEUMONIA,PNEUMONIA,MODERATE,N,NONE,Y,2012-09-07,2012-10-06,30,NOT RECOVERED/NOT RESOLVED
01-701-1192,Xanomeline Low Dose,54,80,F,MUSCULAR WEAKNESS,MUSCULAR WEAKNESS,MODERATE,N,NONE,Y,2012-09-07,2012-09-30,24,NOT RECOVERED/NOT RESOLVED
01-701-1192,Xanomeline Low Dose,54,80,F,COUGH,COUGH,MILD,N,NONE,N,2010-06-01,NA,NA,NOT RECOVERED/NOT RESOLVED
01-701-1192,Xanomeline Low Dose,54,80,F,PNEUMONIA,PNEUMONIA,MODERATE,N,NONE,Y,2012-09-07,2012-10-06,30,RECOVERED/RESOLVED
01-701-1192,Xanomeline Low Dose,54,80,F,MUSCULAR WEAKNESS,MUSCULAR WEAKNESS,MODERATE,N,NONE,Y,2012-09-07,2012-09-30,24,RECOVERED/RESOLVED
01-701-1192,Xanomeline Low Dose,54,80,F,APPLICATION SITE IRRITATION,APPLICATION SITE IRRITATION,MILD,N,PROBABLE,Y,2012-12-05,2012-12-16,12,NOT RECOVERED/NOT RESOLVED
01-701-1192,Xanomeline Low Dose,54,80,F,APPLICATION SITE ERYTHEMA,APPLICATION SITE ERYTHEMA,MILD,N,PROBABLE,Y,2012-12-05,NA,NA,NOT RECOVERED/NOT RESOLVED
01-701-1192,Xanomeline Low Dose,54,80,F,APPLICATION SITE PRURITUS,APPLICATION SITE PRURITUS,MILD,N,PROBABLE,Y,2012-12-05,NA,NA,NOT RECOVERED/NOT RESOLVED
01-701-1192,Xanomeline Low Dose,54,80,F,APPLICATION SITE IRRITATION,APPLICATION SITE IRRITATION,MILD,N,PROBABLE,Y,2012-12-05,2012-12-16,12,RECOVERED/RESOLVED
01-701-1203,Placebo,0,81,F,EYE LASER SURGERY,EYE LASER SURGERY,MILD,N,NONE,Y,2013-03-21,2013-03-21,1,RECOVERED/RESOLVED
01-701-1211,Xanomeline Low Dose,54,76,F,APPLICATION SITE PRURITUS,APPLICATION SITE PRURITUS,MILD,N,POSSIBLE,Y,2012-11-16,NA,NA,NOT RECOVERED/NOT RESOLVED
01-701-1211,Xanomeline Low Dose,54,76,F,JOINT DISLOCATION,JOINT DISLOCATION,MODERATE,N,NONE,Y,2012-11-21,2012-11-21,1,RECOVERED/RESOLVED
01-701-1211,Xanomeline Low Dose,54,76,F,SHOULDER PAIN,SHOULDER PAIN,MILD,N,NONE,Y,2012-11-21,NA,NA,NOT RECOVERED/NOT RESOLVED
01-701-1211,Xanomeline Low Dose,54,76,F,INCONTINENCE,INCONTINENCE,MILD,N,NONE,Y,2012-11-22,NA,NA,NOT RECOVERED/NOT RESOLVED
01-701-1211,Xanomeline Low Dose,54,76,F,APPLICATION SITE ERYTHEMA,APPLICATION SITE ERYTHEMA,MILD,N,POSSIBLE,Y,2012-11-29,NA,NA,NOT RECOVERED/NOT RESOLVED
01-701-1211,Xanomeline Low Dose,54,76,F,SKIN LACERATION,SKIN LACERATION,MILD,N,NONE,Y,2012-12-09,NA,NA,NOT RECOVERED/NOT RESOLVED
01-701-1211,Xanomeline Low Dose,54,76,F,CONFUSIONAL STATE,CONFUSIONAL STATE,MODERATE,N,NONE,Y,2013-01-11,NA,NA,NOT RECOVERED/NOT RESOLVED
01-701-1211,Xanomeline Low Dose,54,76,F,DYSPNOEA,DYSPNOEA,MODERATE,N,NONE,Y,2013-01-11,NA,NA,NOT RECOVERED/NOT RESOLVED
01-701-1211,Xanomeline Low Dose,54,76,F,SUDDEN DEATH,SUDDEN DEATH,SEVERE,N,NONE,Y,2013-01-14,2013-01-14,1,FATAL
01-701-1239,Xanomeline High Dose,81,56,M,ERYTHEMA,ERYTHEMA,MILD,N,POSSIBLE,Y,2014-01-12,NA,NA,NOT RECOVERED/NOT RESOLVED
01-701-1239,Xanomeline High Dose,81,56,M,SKIN ODOUR ABNORMAL,SKIN ODOUR ABNORMAL,MILD,N,REMOTE,Y,2014-01-12,NA,NA,NOT RECOVERED/NOT RESOLVED
01-701-1239,Xanomeline High Dose,81,56,M,PRURITUS,PRURITUS,MILD,N,POSSIBLE,Y,2014-01-13,NA,NA,NOT RECOVERED/NOT RESOLVED
01-701-1239,Xanomeline High Dose,81,56,M,APPLICATION SITE IRRITATION,APPLICATION SITE IRRITATION,MILD,N,PROBABLE,Y,2014-01-20,2014-02-08,20,NOT RECOVERED/NOT RESOLVED
01-701-1239,Xanomeline High Dose,81,56,M,APPLICATION SITE IRRITATION,APPLICATION SITE IRRITATION,MILD,N,PROBABLE,Y,2014-01-20,2014-02-08,20,RECOVERED/RESOLVED
01-701-1239,Xanomeline High Dose,81,56,M,ERYTHEMA,ERYTHEMA,MODERATE,N,POSSIBLE,Y,2014-01-12,NA,NA,NOT RECOVERED/NOT RESOLVED
01-701-1239,Xanomeline High Dose,81,56,M,UPPER RESPIRATORY TRACT INFECTION,UPPER RESPIRATORY TRACT INFECTION,MILD,N,NONE,Y,2014-02-20,2014-03-12,21,NOT RECOVERED/NOT RESOLVED
01-701-1239,Xanomeline High Dose,81,56,M,UPPER RESPIRATORY TRACT INFECTION,UPPER RESPIRATORY TRACT INFECTION,MILD,N,NONE,Y,2014-02-20,2014-03-12,21,RECOVERED/RESOLVED
01-701-1239,Xanomeline High Dose,81,56,M,FATIGUE,FATIGUE,MILD,N,REMOTE,Y,2014-03-01,NA,NA,NOT RECOVERED/NOT RESOLVED
01-701-1239,Xanomeline High Dose,81,56,M,HORDEOLUM,HORDEOLUM,MILD,N,NONE,Y,2014-04-01,NA,NA,NOT RECOVERED/NOT RESOLVED
01-701-1275,Xanomeline High Dose,81,61,M,NAUSEA,NAUSEA,MILD,N,POSSIBLE,Y,2014-02-13,2014-06-03,111,NOT RECOVERED/NOT RESOLVED
01-701-1275,Xanomeline High Dose,81,61,M,VOMITING,VOMITING,MILD,N,POSSIBLE,Y,2014-02-23,2014-02-23,1,RECOVERED/RESOLVED
01-701-1275,Xanomeline High Dose,81,61,M,ERYTHEMA,ERYTHEMA,MILD,N,POSSIBLE,Y,2014-02-24,2014-06-12,109,NOT RECOVERED/NOT RESOLVED
01-701-1275,Xanomeline High Dose,81,61,M,SALIVARY HYPERSECRETION,SALIVARY HYPERSECRETION,MILD,N,POSSIBLE,Y,2014-02-24,2014-06-03,100,NOT RECOVERED/NOT RESOLVED
01-701-1275,Xanomeline High Dose,81,61,M,PAROSMIA,PAROSMIA,MILD,N,POSSIBLE,Y,2014-02-24,2014-06-03,100,NOT RECOVERED/NOT RESOLVED
01-701-1275,Xanomeline High Dose,81,61,M,PRURITUS,PRURITUS,MILD,N,POSSIBLE,Y,2014-02-24,2014-06-12,109,NOT RECOVERED/NOT RESOLVED
01-701-1275,Xanomeline High Dose,81,61,M,COUGH,COUGH,MILD,N,NONE,Y,2014-03-12,2014-03-27,16,NOT RECOVERED/NOT RESOLVED
01-701-1275,Xanomeline High Dose,81,61,M,NASAL CONGESTION,NASAL CONGESTION,MILD,N,NONE,Y,2014-03-12,2014-03-27,16,NOT RECOVERED/NOT RESOLVED
01-701-1275,Xanomeline High Dose,81,61,M,COUGH,COUGH,MILD,N,NONE,Y,2014-03-12,2014-03-27,16,RECOVERED/RESOLVED
01-701-1275,Xanomeline High Dose,81,61,M,NASAL CONGESTION,NASAL CONGESTION,MILD,N,NONE,Y,2014-03-12,2014-03-27,16,RECOVERED/RESOLVED
01-701-1275,Xanomeline High Dose,81,61,M,NAUSEA,NAUSEA,MILD,N,POSSIBLE,Y,2014-02-13,2014-06-03,111,RECOVERED/RESOLVED
01-701-1275,Xanomeline High Dose,81,61,M,ERYTHEMA,ERYTHEMA,MILD,N,POSSIBLE,Y,2014-02-24,2014-06-12,109,RECOVERED/RESOLVED
01-701-1275,Xanomeline High Dose,81,61,M,SALIVARY HYPERSECRETION,SALIVARY HYPERSECRETION,MILD,N,POSSIBLE,Y,2014-02-24,2014-06-03,100,RECOVERED/RESOLVED
01-701-1275,Xanomeline High Dose,81,61,M,PAROSMIA,PAROSMIA,MILD,N,POSSIBLE,Y,2014-02-24,2014-06-03,100,RECOVERED/RESOLVED
01-701-1275,Xanomeline High Dose,81,61,M,PRURITUS,PRURITUS,MILD,N,POSSIBLE,Y,2014-02-24,2014-06-12,109,RECOVERED/RESOLVED
01-701-1287,Xanomeline High Dose,81,56,F,SALIVARY HYPERSECRETION,SALIVARY HYPERSECRETION,MILD,N,NONE,Y,2014-01-26,NA,NA,NOT RECOVERED/NOT RESOLVED
01-701-1287,Xanomeline High Dose,81,56,F,APPLICATION SITE PRURITUS,APPLICATION SITE PRURITUS,MILD,N,POSSIBLE,Y,2014-02-22,NA,NA,NOT RECOVERED/NOT RESOLVED
01-701-1287,Xanomeline High Dose,81,56,F,APPLICATION SITE ERYTHEMA,APPLICATION SITE ERYTHEMA,MILD,N,PROBABLE,Y,2014-03-09,NA,NA,NOT RECOVERED/NOT RESOLVED
01-701-1287,Xanomeline High Dose,81,56,F,RHINORRHOEA,RHINORRHOEA,MILD,N,NONE,Y,2014-07-09,2014-07-12,4,NOT RECOVERED/NOT RESOLVED
01-701-1287,Xanomeline High Dose,81,56,F,RHINORRHOEA,RHINORRHOEA,MILD,N,NONE,Y,2014-07-09,2014-07-12,4,RECOVERED/RESOLVED
01-701-1294,Xanomeline Low Dose,54,67,M,APPLICATION SITE PRURITUS,APPLICATION SITE PRURITUS,MODERATE,N,NONE,N,2013-03-22,2013-03-23,2,RECOVERED/RESOLVED
01-701-1294,Xanomeline Low Dose,54,67,M,APPLICATION SITE PRURITUS,APPLICATION SITE PRURITUS,MILD,N,POSSIBLE,Y,2013-05-19,NA,NA,NOT RECOVERED/NOT RESOLVED
01-701-1294,Xanomeline Low Dose,54,67,M,APPLICATION SITE ERYTHEMA,APPLICATION SITE ERYTHEMA,MILD,N,PROBABLE,Y,2013-05-19,NA,NA,NOT RECOVERED/NOT RESOLVED
01-701-1294,Xanomeline Low Dose,54,67,M,APPLICATION SITE PRURITUS,APPLICATION SITE PRURITUS,MODERATE,N,POSSIBLE,Y,2013-05-19,NA,NA,NOT RECOVERED/NOT RESOLVED
01-701-1294,Xanomeline Low Dose,54,67,M,APPLICATION SITE ERYTHEMA,APPLICATION SITE ERYTHEMA,MODERATE,N,PROBABLE,Y,2013-05-19,NA,NA,NOT RECOVERED/NOT RESOLVED
01-701-1294,Xanomeline Low Dose,54,67,M,RASH ERYTHEMATOUS,RASH ERYTHEMATOUS,MODERATE,N,PROBABLE,Y,2013-06-10,NA,NA,NOT RECOVERED/NOT RESOLVED
01-701-1302,Xanomeline High Dose,81,61,M,APPLICATION SITE PERSPIRATION,APPLICATION SITE PERSPIRATION,MILD,N,POSSIBLE,Y,2013-08-30,NA,NA,NOT RECOVERED/NOT RESOLVED
01-701-1302,Xanomeline High Dose,81,61,M,HYPERHIDROSIS,HYPERHIDROSIS,MILD,N,POSSIBLE,Y,2013-08-30,NA,NA,NOT RECOVERED/NOT RESOLVED
01-701-1302,Xanomeline High Dose,81,61,M,STOMACH DISCOMFORT,STOMACH DISCOMFORT,MILD,N,POSSIBLE,Y,2013-08-30,NA,NA,NOT RECOVERED/NOT RESOLVED
01-701-1302,Xanomeline High Dose,81,61,M,PAIN,PAIN,MILD,N,POSSIBLE,Y,2013-08-31,NA,NA,NOT RECOVERED/NOT RESOLVED
01-701-1302,Xanomeline High Dose,81,61,M,NASAL CONGESTION,NASAL CONGESTION,MILD,N,NONE,Y,2013-09-01,NA,NA,NOT RECOVERED/NOT RESOLVED
01-701-1302,Xanomeline High Dose,81,61,M,PHARYNGOLARYNGEAL PAIN,PHARYNGOLARYNGEAL PAIN,MILD,N,NONE,Y,2013-09-02,NA,NA,NOT RECOVERED/NOT RESOLVED
01-701-1302,Xanomeline High Dose,81,61,M,PRODUCTIVE COUGH,PRODUCTIVE COUGH,MILD,N,NONE,Y,2013-09-02,NA,NA,NOT RECOVERED/NOT RESOLVED
01-701-1302,Xanomeline High Dose,81,61,M,MALAISE,MALAISE,MILD,N,REMOTE,Y,2013-09-02,NA,NA,NOT RECOVERED/NOT RESOLVED
01-701-1302,Xanomeline High Dose,81,61,M,DIZZINESS,DIZZINESS,MODERATE,N,REMOTE,Y,2013-09-02,2013-09-03,2,RECOVERED/RESOLVED
01-701-1302,Xanomeline High Dose,81,61,M,MYALGIA,MYALGIA,MILD,N,POSSIBLE,Y,2013-09-02,NA,NA,NOT RECOVERED/NOT RESOLVED
01-701-1302,Xanomeline High Dose,81,61,M,DIZZINESS,DIZZINESS,MILD,N,POSSIBLE,Y,2013-09-04,NA,NA,NOT RECOVERED/NOT RESOLVED
01-701-1302,Xanomeline High Dose,81,61,M,CONTUSION,CONTUSION,MILD,N,REMOTE,Y,2013-09-05,2013-10-08,34,NOT RECOVERED/NOT RESOLVED
01-701-1302,Xanomeline High Dose,81,61,M,HEADACHE,HEADACHE,MILD,N,NONE,Y,2013-09-15,NA,NA,NOT RECOVERED/NOT RESOLVED
01-701-1302,Xanomeline High Dose,81,61,M,EPISTAXIS,EPISTAXIS,MILD,N,REMOTE,Y,2013-09-30,NA,NA,NOT RECOVERED/NOT RESOLVED
01-701-1302,Xanomeline High Dose,81,61,M,CONTUSION,CONTUSION,MILD,N,REMOTE,Y,2013-09-05,2013-10-08,34,RECOVERED/RESOLVED
01-701-1302,Xanomeline High Dose,81,61,M,APPLICATION SITE ERYTHEMA,APPLICATION SITE ERYTHEMA,MILD,N,PROBABLE,Y,2013-10-15,NA,NA,NOT RECOVERED/NOT RESOLVED
01-701-1302,Xanomeline High Dose,81,61,M,APPLICATION SITE PRURITUS,APPLICATION SITE PRURITUS,MILD,N,PROBABLE,Y,2013-10-15,NA,NA,NOT RECOVERED/NOT RESOLVED
01-701-1302,Xanomeline High Dose,81,61,M,MALAISE,MALAISE,MODERATE,N,REMOTE,Y,2013-09-02,NA,NA,NOT RECOVERED/NOT RESOLVED
01-701-1302,Xanomeline High Dose,81,61,M,RESPIRATORY TRACT CONGESTION,RESPIRATORY TRACT CONGESTION,MILD,N,NONE,Y,2013-10-23,NA,NA,NOT RECOVERED/NOT RESOLVED
01-701-1302,Xanomeline High Dose,81,61,M,RHINITIS,RHINITIS,MILD,N,NONE,Y,2013-10-23,NA,NA,NOT RECOVERED/NOT RESOLVED
01-701-1302,Xanomeline High Dose,81,61,M,FEELING ABNORMAL,FEELING ABNORMAL,MILD,N,POSSIBLE,Y,2013-10-24,NA,NA,NOT RECOVERED/NOT RESOLVED
01-701-1302,Xanomeline High Dose,81,61,M,LISTLESS,LISTLESS,MILD,N,POSSIBLE,Y,2013-10-24,NA,NA,NOT RECOVERED/NOT RESOLVED
01-701-1302,Xanomeline High Dose,81,61,M,LIBIDO DECREASED,LIBIDO DECREASED,MILD,N,POSSIBLE,Y,2013-10-24,NA,NA,NOT RECOVERED/NOT RESOLVED
01-701-1317,Xanomeline Low Dose,54,68,M,ONYCHOMYCOSIS,ONYCHOMYCOSIS,MILD,N,NONE,N,2014-05-13,NA,NA,NOT RECOVERED/NOT RESOLVED
01-701-1317,Xanomeline Low Dose,54,68,M,CYST,CYST,MILD,N,NONE,N,2014-05-13,NA,NA,NOT RECOVERED/NOT RESOLVED
01-701-1317,Xanomeline Low Dose,54,68,M,APPLICATION SITE ERYTHEMA,APPLICATION SITE ERYTHEMA,MILD,N,POSSIBLE,Y,2014-06-23,NA,NA,NOT RECOVERED/NOT RESOLVED
01-701-1317,Xanomeline Low Dose,54,68,M,APPLICATION SITE PRURITUS,APPLICATION SITE PRURITUS,MILD,N,POSSIBLE,Y,2014-06-23,NA,NA,NOT RECOVERED/NOT RESOLVED
01-701-1317,Xanomeline Low Dose,54,68,M,APPLICATION SITE URTICARIA,APPLICATION SITE URTICARIA,MILD,N,POSSIBLE,Y,2014-06-23,NA,NA,NOT RECOVERED/NOT RESOLVED
01-701-1317,Xanomeline Low Dose,54,68,M,DEPRESSED MOOD,DEPRESSED MOOD,MILD,N,POSSIBLE,Y,2014-07-04,NA,NA,NOT RECOVERED/NOT RESOLVED
01-701-1317,Xanomeline Low Dose,54,68,M,DEPRESSED MOOD,DEPRESSED MOOD,MODERATE,N,POSSIBLE,Y,2014-07-04,NA,NA,NOT RECOVERED/NOT RESOLVED
01-701-1317,Xanomeline Low Dose,54,68,M,FATIGUE,FATIGUE,MILD,N,REMOTE,Y,2014-09-12,NA,NA,NOT RECOVERED/NOT RESOLVED
01-701-1317,Xanomeline Low Dose,54,68,M,DYSPHONIA,DYSPHONIA,MILD,N,REMOTE,Y,2014-11-03,NA,NA,NOT RECOVERED/NOT RESOLVED
01-701-1324,Xanomeline Low Dose,54,79,M,APPLICATION SITE ERYTHEMA,APPLICATION SITE ERYTHEMA,MILD,N,PROBABLE,Y,2012-10-22,NA,NA,NOT RECOVERED/NOT RESOLVED
01-701-1324,Xanomeline Low Dose,54,79,M,APPLICATION SITE PRURITUS,APPLICATION SITE PRURITUS,MILD,N,PROBABLE,Y,2012-12-02,NA,NA,NOT RECOVERED/NOT RESOLVED
01-701-1324,Xanomeline Low Dose,54,79,M,APPLICATION SITE VESICLES,APPLICATION SITE VESICLES,MILD,N,PROBABLE,Y,2012-12-25,2013-01-16,23,NOT RECOVERED/NOT RESOLVED
01-701-1324,Xanomeline Low Dose,54,79,M,APPLICATION SITE VESICLES,APPLICATION SITE VESICLES,MILD,N,PROBABLE,Y,2012-12-25,2013-01-16,23,RECOVERED/RESOLVED
01-701-1341,Xanomeline Low Dose,54,51,M,APPLICATION SITE PRURITUS,APPLICATION SITE PRURITUS,MODERATE,N,PROBABLE,Y,2013-01-19,NA,NA,NOT RECOVERED/NOT RESOLVED
01-701-1341,Xanomeline Low Dose,54,51,M,APPLICATION SITE ERYTHEMA,APPLICATION SITE ERYTHEMA,MODERATE,N,PROBABLE,Y,2013-01-19,NA,NA,NOT RECOVERED/NOT RESOLVED
01-701-1341,Xanomeline Low Dose,54,51,M,APPLICATION SITE PRURITUS,APPLICATION SITE PRURITUS,MODERATE,N,PROBABLE,Y,2013-01-26,2013-01-30,5,RECOVERED/RESOLVED
01-701-1341,Xanomeline Low Dose,54,51,M,APPLICATION SITE ERYTHEMA,APPLICATION SITE ERYTHEMA,MODERATE,N,PROBABLE,Y,2013-01-26,NA,NA,NOT RECOVERED/NOT RESOLVED
01-701-1341,Xanomeline Low Dose,54,51,M,APPLICATION SITE IRRITATION,APPLICATION SITE IRRITATION,MODERATE,N,PROBABLE,Y,2013-01-26,2013-01-30,5,RECOVERED/RESOLVED
01-701-1360,Xanomeline High Dose,81,67,M,APPLICATION SITE ERYTHEMA,APPLICATION SITE ERYTHEMA,MODERATE,N,PROBABLE,Y,2013-08-02,NA,NA,NOT RECOVERED/NOT RESOLVED
01-701-1360,Xanomeline High Dose,81,67,M,APPLICATION SITE PRURITUS,APPLICATION SITE PRURITUS,MODERATE,N,PROBABLE,Y,2013-08-02,NA,NA,NOT RECOVERED/NOT RESOLVED
01-701-1360,Xanomeline High Dose,81,67,M,APPLICATION SITE VESICLES,APPLICATION SITE VESICLES,MODERATE,N,PROBABLE,Y,2013-08-05,NA,NA,NOT RECOVERED/NOT RESOLVED
01-701-1363,Placebo,0,81,F,NAUSEA,NAUSEA,MILD,N,REMOTE,Y,2013-06-14,2013-06-15,2,RECOVERED/RESOLVED
01-701-1363,Placebo,0,81,F,HEADACHE,HEADACHE,MODERATE,N,POSSIBLE,N,NA,NA,NA,NOT RECOVERED/NOT RESOLVED
01-701-1363,Placebo,0,81,F,APPLICATION SITE PRURITUS,APPLICATION SITE PRURITUS,MILD,N,PROBABLE,Y,2013-07-16,NA,NA,NOT RECOVERED/NOT RESOLVED
01-701-1363,Placebo,0,81,F,HEADACHE,HEADACHE,MILD,N,POSSIBLE,N,NA,NA,NA,NOT RECOVERED/NOT RESOLVED
01-701-1363,Placebo,0,81,F,BACK PAIN,BACK PAIN,MILD,N,NONE,Y,2013-10-13,2013-10-15,3,NOT RECOVERED/NOT RESOLVED
01-701-1363,Placebo,0,81,F,BACK PAIN,BACK PAIN,MILD,N,NONE,Y,2013-10-13,2013-10-15,3,RECOVERED/RESOLVED
01-701-1383,Xanomeline High Dose,81,72,F,APPLICATION SITE PRURITUS,APPLICATION SITE PRURITUS,MILD,N,PROBABLE,Y,2013-02-07,2013-02-07,1,RECOVERED/RESOLVED
01-701-1383,Xanomeline High Dose,81,72,F,APPLICATION SITE PAIN,APPLICATION SITE PAIN,MILD,N,PROBABLE,Y,2013-02-07,2013-02-07,1,RECOVERED/RESOLVED
01-701-1383,Xanomeline High Dose,81,72,F,APPLICATION SITE ERYTHEMA,APPLICATION SITE ERYTHEMA,MILD,N,POSSIBLE,Y,2013-03-23,2013-03-26,4,RECOVERED/RESOLVED
01-701-1383,Xanomeline High Dose,81,72,F,APPLICATION SITE PRURITUS,APPLICATION SITE PRURITUS,MILD,N,POSSIBLE,Y,2013-03-23,NA,NA,NOT RECOVERED/NOT RESOLVED
01-701-1383,Xanomeline High Dose,81,72,F,APPLICATION SITE ERYTHEMA,APPLICATION SITE ERYTHEMA,MILD,N,POSSIBLE,Y,2013-04-12,NA,NA,NOT RECOVERED/NOT RESOLVED
01-701-1383,Xanomeline High Dose,81,72,F,APPLICATION SITE IRRITATION,APPLICATION SITE IRRITATION,MILD,N,POSSIBLE,Y,2013-04-12,NA,NA,NOT RECOVERED/NOT RESOLVED
01-701-1383,Xanomeline High Dose,81,72,F,APPLICATION SITE PRURITUS,APPLICATION SITE PRURITUS,MODERATE,N,POSSIBLE,Y,2013-03-23,NA,NA,NOT RECOVERED/NOT RESOLVED
01-701-1383,Xanomeline High Dose,81,72,F,APPLICATION SITE IRRITATION,APPLICATION SITE IRRITATION,MODERATE,N,POSSIBLE,Y,2013-04-12,NA,NA,NOT RECOVERED/NOT RESOLVED
01-701-1383,Xanomeline High Dose,81,72,F,APPLICATION SITE VESICLES,APPLICATION SITE VESICLES,MILD,N,POSSIBLE,Y,2013-05-07,2013-05-24,18,RECOVERED/RESOLVED
01-701-1383,Xanomeline High Dose,81,72,F,CHEST DISCOMFORT,CHEST DISCOMFORT,MILD,N,NONE,Y,2013-06-24,2013-06-24,1,RECOVERED/RESOLVED
01-701-1383,Xanomeline High Dose,81,72,F,HEADACHE,HEADACHE,MILD,N,NONE,Y,2013-06-24,2013-06-24,1,RECOVERED/RESOLVED
01-701-1383,Xanomeline High Dose,81,72,F,COUGH,COUGH,MODERATE,N,NONE,Y,2013-07-17,2013-07-26,10,RECOVERED/RESOLVED
01-701-1387,Placebo,0,87,F,DIARRHOEA,DIARRHOEA,MILD,N,REMOTE,Y,2014-03-18,2014-03-18,1,RECOVERED/RESOLVED
01-701-1387,Placebo,0,87,F,HYPERHIDROSIS,HYPERHIDROSIS,MILD,N,REMOTE,Y,2014-03-18,2014-03-18,1,RECOVERED/RESOLVED
01-701-1392,Placebo,0,78,M,UPPER RESPIRATORY TRACT INFECTION,UPPER RESPIRATORY TRACT INFECTION,MILD,N,REMOTE,Y,2013-03-16,2013-03-21,6,NOT RECOVERED/NOT RESOLVED
01-701-1392,Placebo,0,78,M,UPPER RESPIRATORY TRACT INFECTION,UPPER RESPIRATORY TRACT INFECTION,MILD,N,REMOTE,Y,2013-03-16,2013-03-21,6,RECOVERED/RESOLVED
01-701-1415,Placebo,0,85,M,UPPER RESPIRATORY TRACT INFECTION,UPPER RESPIRATORY TRACT INFECTION,MILD,N,NONE,Y,2013-10-21,2013-11-04,15,NOT RECOVERED/NOT RESOLVED
01-701-1415,Placebo,0,85,M,UPPER RESPIRATORY TRACT INFECTION,UPPER RESPIRATORY TRACT INFECTION,MILD,N,NONE,Y,2013-10-21,2013-11-04,15,RECOVERED/RESOLVED
01-701-1415,Placebo,0,85,M,MICTURITION URGENCY,MICTURITION URGENCY,MILD,N,NONE,Y,2013-12-02,NA,NA,NOT RECOVERED/NOT RESOLVED
01-701-1415,Placebo,0,85,M,UPPER RESPIRATORY TRACT INFECTION,UPPER RESPIRATORY TRACT INFECTION,MILD,N,REMOTE,Y,2014-01-21,2014-02-10,21,NOT RECOVERED/NOT RESOLVED
01-701-1415,Placebo,0,85,M,UPPER RESPIRATORY TRACT INFECTION,UPPER RESPIRATORY TRACT INFECTION,MILD,N,REMOTE,Y,2014-01-21,2014-02-10,21,RECOVERED/RESOLVED
01-701-1415,Placebo,0,85,M,DIARRHOEA,DIARRHOEA,MILD,N,NONE,Y,2014-03-09,2014-03-09,1,RECOVERED/RESOLVED
01-701-1442,Xanomeline Low Dose,54,57,F,APPLICATION SITE PRURITUS,APPLICATION SITE PRURITUS,MILD,N,PROBABLE,Y,2014-01-10,NA,NA,NOT RECOVERED/NOT RESOLVED
01-701-1444,Xanomeline High Dose,81,63,M,APPLICATION SITE ERYTHEMA,APPLICATION SITE ERYTHEMA,MILD,N,POSSIBLE,Y,2013-01-19,NA,NA,NOT RECOVERED/NOT RESOLVED
01-701-1444,Xanomeline High Dose,81,63,M,APPLICATION SITE PRURITUS,APPLICATION SITE PRURITUS,MILD,N,PROBABLE,Y,2013-01-19,NA,NA,NOT RECOVERED/NOT RESOLVED
01-701-1444,Xanomeline High Dose,81,63,M,SALIVARY HYPERSECRETION,SALIVARY HYPERSECRETION,MILD,N,POSSIBLE,Y,2013-01-19,NA,NA,NOT RECOVERED/NOT RESOLVED
01-701-1444,Xanomeline High Dose,81,63,M,APPLICATION SITE ERYTHEMA,APPLICATION SITE ERYTHEMA,MODERATE,N,POSSIBLE,Y,2013-01-19,NA,NA,NOT RECOVERED/NOT RESOLVED
01-701-1444,Xanomeline High Dose,81,63,M,APPLICATION SITE PRURITUS,APPLICATION SITE PRURITUS,MODERATE,N,PROBABLE,Y,2013-01-19,NA,NA,NOT RECOVERED/NOT RESOLVED
01-701-1444,Xanomeline High Dose,81,63,M,APPLICATION SITE IRRITATION,APPLICATION SITE IRRITATION,MODERATE,N,PROBABLE,Y,2013-02-04,NA,NA,NOT RECOVERED/NOT RESOLVED
01-701-1444,Xanomeline High Dose,81,63,M,APPLICATION SITE VESICLES,APPLICATION SITE VESICLES,MODERATE,N,PROBABLE,Y,2013-02-04,NA,NA,NOT RECOVERED/NOT RESOLVED
01-701-1444,Xanomeline High Dose,81,63,M,PARAESTHESIA,PARAESTHESIA,MILD,N,NONE,Y,2013-02-08,2013-02-08,1,RECOVERED/RESOLVED
01-702-1082,Xanomeline Low Dose,54,84,F,WHITE BLOOD CELL COUNT INCREASED,WHITE BLOOD CELL COUNT INCREASED,MILD,N,NONE,N,2013-07-07,2013-07-26,20,NOT RECOVERED/NOT RESOLVED
01-702-1082,Xanomeline Low Dose,54,84,F,NEUTROPHIL COUNT INCREASED,NEUTROPHIL COUNT INCREASED,MILD,N,NONE,N,2013-07-07,2013-07-26,20,NOT RECOVERED/NOT RESOLVED
01-702-1082,Xanomeline Low Dose,54,84,F,URINE ANALYSIS ABNORMAL,URINE ANALYSIS ABNORMAL,MILD,N,NONE,N,2013-07-07,2013-07-24,18,NOT RECOVERED/NOT RESOLVED
01-702-1082,Xanomeline Low Dose,54,84,F,URINE ANALYSIS ABNORMAL,URINE ANALYSIS ABNORMAL,MILD,N,NONE,N,2013-07-07,2013-07-24,18,RECOVERED/RESOLVED
01-702-1082,Xanomeline Low Dose,54,84,F,WHITE BLOOD CELL COUNT INCREASED,WHITE BLOOD CELL COUNT INCREASED,MILD,N,NONE,N,2013-07-07,2013-07-26,20,RECOVERED/RESOLVED
01-702-1082,Xanomeline Low Dose,54,84,F,NEUTROPHIL COUNT INCREASED,NEUTROPHIL COUNT INCREASED,MILD,N,NONE,N,2013-07-07,2013-07-26,20,RECOVERED/RESOLVED
01-702-1082,Xanomeline Low Dose,54,84,F,RECTAL HAEMORRHAGE,RECTAL HAEMORRHAGE,MILD,N,NONE,Y,2013-09-02,2013-09-06,5,NOT RECOVERED/NOT RESOLVED
01-702-1082,Xanomeline Low Dose,54,84,F,RECTAL HAEMORRHAGE,RECTAL HAEMORRHAGE,MILD,N,NONE,Y,2013-09-02,2013-09-06,5,RECOVERED/RESOLVED
01-702-1082,Xanomeline Low Dose,54,84,F,APPLICATION SITE IRRITATION,APPLICATION SITE IRRITATION,MILD,N,PROBABLE,Y,2013-09-09,2013-09-24,16,RECOVERED/RESOLVED
01-702-1082,Xanomeline Low Dose,54,84,F,SKIN IRRITATION,SKIN IRRITATION,MODERATE,N,PROBABLE,Y,2013-10-12,2013-10-31,20,RECOVERED/RESOLVED
01-703-1042,Placebo,0,64,M,DIARRHOEA,DIARRHOEA,MILD,N,POSSIBLE,Y,2013-03-04,2013-03-05,2,RECOVERED/RESOLVED
01-703-1042,Placebo,0,64,M,INSOMNIA,INSOMNIA,MILD,N,REMOTE,Y,2013-03-05,2013-03-06,2,RECOVERED/RESOLVED
01-703-1076,Xanomeline High Dose,81,69,M,BIOPSY PROSTATE,BIOPSY PROSTATE,MODERATE,N,NONE,Y,2013-11-16,2013-11-16,1,RECOVERED/RESOLVED
01-703-1076,Xanomeline High Dose,81,69,M,BENIGN PROSTATIC HYPERPLASIA,BENIGN PROSTATIC HYPERPLASIA,MODERATE,N,NONE,Y,2013-11-20,NA,NA,NOT RECOVERED/NOT RESOLVED
01-703-1076,Xanomeline High Dose,81,69,M,HYPERCHOLESTEROLAEMIA,HYPERCHOLESTEROLAEMIA,MODERATE,N,NONE,N,NA,NA,NA,NOT RECOVERED/NOT RESOLVED
01-703-1076,Xanomeline High Dose,81,69,M,APPLICATION SITE PRURITUS,APPLICATION SITE PRURITUS,MILD,N,PROBABLE,Y,2013-11-23,NA,NA,NOT RECOVERED/NOT RESOLVED
01-703-1076,Xanomeline High Dose,81,69,M,APPLICATION SITE DERMATITIS,APPLICATION SITE DERMATITIS,MILD,N,PROBABLE,Y,2013-11-23,NA,NA,NOT RECOVERED/NOT RESOLVED
01-703-1076,Xanomeline High Dose,81,69,M,HYPERHIDROSIS,HYPERHIDROSIS,MILD,N,POSSIBLE,Y,2013-11-25,NA,NA,NOT RECOVERED/NOT RESOLVED
01-703-1076,Xanomeline High Dose,81,69,M,APPLICATION SITE PRURITUS,APPLICATION SITE PRURITUS,MODERATE,N,PROBABLE,Y,2013-11-23,NA,NA,NOT RECOVERED/NOT RESOLVED
01-703-1086,Xanomeline Low Dose,54,71,M,APPLICATION SITE IRRITATION,APPLICATION SITE IRRITATION,MILD,N,PROBABLE,Y,2012-09-13,2013-01-02,112,NOT RECOVERED/NOT RESOLVED
01-703-1086,Xanomeline Low Dose,54,71,M,APPLICATION SITE IRRITATION,APPLICATION SITE IRRITATION,MODERATE,N,PROBABLE,Y,2012-09-13,2013-01-02,112,NOT RECOVERED/NOT RESOLVED
01-703-1086,Xanomeline Low Dose,54,71,M,APPLICATION SITE IRRITATION,APPLICATION SITE IRRITATION,SEVERE,N,PROBABLE,Y,2012-09-13,2013-01-02,112,NOT RECOVERED/NOT RESOLVED
01-703-1086,Xanomeline Low Dose,54,71,M,CHILLS,CHILLS,MILD,N,POSSIBLE,Y,2012-10-09,2012-10-15,7,NOT RECOVERED/NOT RESOLVED
01-703-1086,Xanomeline Low Dose,54,71,M,CHILLS,CHILLS,MILD,N,POSSIBLE,Y,2012-10-09,2012-10-15,7,RECOVERED/RESOLVED
01-703-1086,Xanomeline Low Dose,54,71,M,APPLICATION SITE IRRITATION,APPLICATION SITE IRRITATION,MILD,N,PROBABLE,Y,2012-09-13,2013-01-02,112,RECOVERED/RESOLVED
01-703-1100,Placebo,0,84,F,APPLICATION SITE IRRITATION,APPLICATION SITE IRRITATION,MODERATE,N,PROBABLE,Y,2013-04-05,2013-04-16,12,NOT RECOVERED/NOT RESOLVED
01-703-1100,Placebo,0,84,F,APPLICATION SITE IRRITATION,APPLICATION SITE IRRITATION,MILD,N,PROBABLE,Y,2013-04-05,2013-04-16,12,NOT RECOVERED/NOT RESOLVED
01-703-1100,Placebo,0,84,F,APPLICATION SITE IRRITATION,APPLICATION SITE IRRITATION,MILD,N,PROBABLE,Y,2013-04-05,2013-04-16,12,RECOVERED/RESOLVED
01-703-1100,Placebo,0,84,F,CATARACT OPERATION,CATARACT OPERATION,MODERATE,N,NONE,Y,2013-04-25,2013-04-25,1,RECOVERED/RESOLVED
01-703-1100,Placebo,0,84,F,UPPER RESPIRATORY TRACT INFECTION,UPPER RESPIRATORY TRACT INFECTION,MODERATE,N,REMOTE,Y,2013-05-27,2013-06-03,8,RECOVERED/RESOLVED
01-703-1100,Placebo,0,84,F,OEDEMA PERIPHERAL,OEDEMA PERIPHERAL,MODERATE,N,REMOTE,N,2013-02-28,2013-09-14,199,NOT RECOVERED/NOT RESOLVED
01-703-1100,Placebo,0,84,F,OEDEMA PERIPHERAL,OEDEMA PERIPHERAL,MILD,N,REMOTE,Y,2013-07-17,2013-09-14,60,NOT RECOVERED/NOT RESOLVED
01-703-1100,Placebo,0,84,F,OEDEMA PERIPHERAL,OEDEMA PERIPHERAL,MODERATE,N,REMOTE,N,2013-02-28,2013-09-14,199,RECOVERED/RESOLVED
01-703-1100,Placebo,0,84,F,OEDEMA PERIPHERAL,OEDEMA PERIPHERAL,MILD,N,REMOTE,Y,2013-07-17,2013-09-14,60,RECOVERED/RESOLVED
01-703-1119,Xanomeline Low Dose,54,81,F,APPLICATION SITE IRRITATION,APPLICATION SITE IRRITATION,MODERATE,N,PROBABLE,Y,2013-03-16,NA,NA,NOT RECOVERED/NOT RESOLVED
01-703-1119,Xanomeline Low Dose,54,81,F,APPLICATION SITE IRRITATION,APPLICATION SITE IRRITATION,SEVERE,N,PROBABLE,Y,2013-03-16,NA,NA,NOT RECOVERED/NOT RESOLVED
01-703-1119,Xanomeline Low Dose,54,81,F,PRURITUS,PRURITUS,MODERATE,N,PROBABLE,Y,2013-05-04,NA,NA,NOT RECOVERED/NOT RESOLVED
01-703-1119,Xanomeline Low Dose,54,81,F,PRURITUS,PRURITUS,SEVERE,N,PROBABLE,Y,2013-05-04,NA,NA,NOT RECOVERED/NOT RESOLVED
01-703-1175,Placebo,0,75,M,ATRIOVENTRICULAR BLOCK SECOND DEGREE,ATRIOVENTRICULAR BLOCK SECOND DEGREE,SEVERE,N,NONE,N,2013-12-18,NA,NA,NOT RECOVERED/NOT RESOLVED
01-703-1182,Xanomeline Low Dose,54,84,M,APPLICATION SITE ERYTHEMA,APPLICATION SITE ERYTHEMA,MILD,N,POSSIBLE,Y,2013-10-31,NA,NA,NOT RECOVERED/NOT RESOLVED
01-703-1182,Xanomeline Low Dose,54,84,M,APPLICATION SITE ERYTHEMA,APPLICATION SITE ERYTHEMA,MODERATE,N,POSSIBLE,Y,2013-10-31,NA,NA,NOT RECOVERED/NOT RESOLVED
01-703-1182,Xanomeline Low Dose,54,84,M,SOMNOLENCE,SOMNOLENCE,MILD,N,REMOTE,Y,2013-11-22,NA,NA,NOT RECOVERED/NOT RESOLVED
01-703-1182,Xanomeline Low Dose,54,84,M,SOMNOLENCE,SOMNOLENCE,MODERATE,N,REMOTE,Y,2013-11-22,NA,NA,NOT RECOVERED/NOT RESOLVED
01-703-1210,Placebo,0,72,F,DISORIENTATION,DISORIENTATION,MILD,N,REMOTE,Y,2013-04-02,NA,NA,NOT RECOVERED/NOT RESOLVED
01-703-1210,Placebo,0,72,F,DECREASED APPETITE,DECREASED APPETITE,MILD,N,POSSIBLE,Y,2013-05-04,NA,NA,NOT RECOVERED/NOT RESOLVED
01-703-1210,Placebo,0,72,F,DECREASED APPETITE,DECREASED APPETITE,MODERATE,N,POSSIBLE,Y,2013-05-04,NA,NA,NOT RECOVERED/NOT RESOLVED
01-703-1258,Xanomeline High Dose,81,78,F,UPPER RESPIRATORY TRACT INFECTION,UPPER RESPIRATORY TRACT INFECTION,MILD,N,NONE,Y,2012-08-11,2012-08-19,9,NOT RECOVERED/NOT RESOLVED
01-703-1258,Xanomeline High Dose,81,78,F,DIZZINESS,DIZZINESS,MODERATE,N,NONE,N,NA,NA,NA,NOT RECOVERED/NOT RESOLVED
01-703-1258,Xanomeline High Dose,81,78,F,UPPER RESPIRATORY TRACT INFECTION,UPPER RESPIRATORY TRACT INFECTION,MILD,N,NONE,Y,2012-08-11,2012-08-19,9,RECOVERED/RESOLVED
01-703-1258,Xanomeline High Dose,81,78,F,APPLICATION SITE DERMATITIS,APPLICATION SITE DERMATITIS,MILD,N,PROBABLE,Y,2012-09-04,2013-01-25,144,NOT RECOVERED/NOT RESOLVED
01-703-1258,Xanomeline High Dose,81,78,F,DIZZINESS,DIZZINESS,MILD,N,NONE,N,NA,NA,NA,NOT RECOVERED/NOT RESOLVED
01-703-1258,Xanomeline High Dose,81,78,F,APPLICATION SITE DERMATITIS,APPLICATION SITE DERMATITIS,MODERATE,N,PROBABLE,Y,2012-09-04,2013-01-25,144,NOT RECOVERED/NOT RESOLVED
01-703-1258,Xanomeline High Dose,81,78,F,APPLICATION SITE DERMATITIS,APPLICATION SITE DERMATITIS,MILD,N,PROBABLE,Y,2012-09-04,2013-01-25,144,RECOVERED/RESOLVED
01-703-1295,Xanomeline High Dose,81,88,F,ARTHRITIS,ARTHRITIS,MODERATE,N,NONE,Y,2013-12-28,NA,NA,NOT RECOVERED/NOT RESOLVED
01-703-1299,Placebo,0,81,F,UPPER RESPIRATORY TRACT INFECTION,UPPER RESPIRATORY TRACT INFECTION,MILD,N,NONE,Y,2012-09-27,2012-10-06,10,NOT RECOVERED/NOT RESOLVED
01-703-1299,Placebo,0,81,F,UPPER RESPIRATORY TRACT INFECTION,UPPER RESPIRATORY TRACT INFECTION,MILD,N,NONE,Y,2012-09-27,2012-10-06,10,RECOVERED/RESOLVED
01-703-1299,Placebo,0,81,F,GLAUCOMA,GLAUCOMA,MODERATE,N,NONE,N,NA,NA,NA,NOT RECOVERED/NOT RESOLVED
01-703-1299,Placebo,0,81,F,HYPOTENSION,HYPOTENSION,MILD,N,REMOTE,Y,2013-03-01,NA,NA,NOT RECOVERED/NOT RESOLVED
01-703-1299,Placebo,0,81,F,TACHYCARDIA,TACHYCARDIA,MILD,N,REMOTE,Y,2013-03-01,NA,NA,NOT RECOVERED/NOT RESOLVED
01-703-1299,Placebo,0,81,F,HYPOTENSION,HYPOTENSION,MODERATE,N,REMOTE,Y,2013-03-01,NA,NA,NOT RECOVERED/NOT RESOLVED
01-703-1299,Placebo,0,81,F,TACHYCARDIA,TACHYCARDIA,MODERATE,N,REMOTE,Y,2013-03-01,NA,NA,NOT RECOVERED/NOT RESOLVED
01-703-1299,Placebo,0,81,F,MYOCARDIAL INFARCTION,MYOCARDIAL INFARCTION,MODERATE,N,REMOTE,Y,2013-03-13,NA,NA,NOT RECOVERED/NOT RESOLVED
01-703-1335,Xanomeline High Dose,81,67,F,ATRIOVENTRICULAR BLOCK SECOND DEGREE,ATRIOVENTRICULAR BLOCK SECOND DEGREE,MILD,N,NONE,N,2014-03-15,2014-03-30,16,NOT RECOVERED/NOT RESOLVED
01-703-1335,Xanomeline High Dose,81,67,F,ATRIOVENTRICULAR BLOCK SECOND DEGREE,ATRIOVENTRICULAR BLOCK SECOND DEGREE,MILD,N,NONE,N,2014-03-15,2014-03-30,16,RECOVERED/RESOLVED
01-703-1403,Xanomeline High Dose,81,67,M,WEIGHT DECREASED,WEIGHT DECREASED,MODERATE,N,NONE,Y,2012-12-12,2012-12-19,8,NOT RECOVERED/NOT RESOLVED
01-703-1403,Xanomeline High Dose,81,67,M,DIARRHOEA,DIARRHOEA,MODERATE,N,PROBABLE,Y,2012-12-13,2012-12-14,2,RECOVERED/RESOLVED
01-703-1403,Xanomeline High Dose,81,67,M,VOMITING,VOMITING,MODERATE,N,PROBABLE,Y,2012-12-13,2012-12-14,2,RECOVERED/RESOLVED
01-703-1403,Xanomeline High Dose,81,67,M,CHEST DISCOMFORT,CHEST DISCOMFORT,MILD,N,PROBABLE,Y,2012-12-15,2012-12-16,2,RECOVERED/RESOLVED
01-703-1403,Xanomeline High Dose,81,67,M,WEIGHT DECREASED,WEIGHT DECREASED,MODERATE,N,NONE,Y,2012-12-12,2012-12-19,8,RECOVERED/RESOLVED
01-703-1439,Xanomeline High Dose,81,76,F,APPLICATION SITE IRRITATION,APPLICATION SITE IRRITATION,MILD,N,PROBABLE,Y,2014-04-24,NA,NA,NOT RECOVERED/NOT RESOLVED
01-703-1439,Xanomeline High Dose,81,76,F,APPLICATION SITE IRRITATION,APPLICATION SITE IRRITATION,MODERATE,N,PROBABLE,Y,2014-04-24,NA,NA,NOT RECOVERED/NOT RESOLVED
01-704-1008,Xanomeline High Dose,81,76,F,HYPERHIDROSIS,HYPERHIDROSIS,MILD,N,POSSIBLE,Y,2013-01-30,NA,NA,NOT RECOVERED/NOT RESOLVED
01-704-1008,Xanomeline High Dose,81,76,F,TRANSIENT ISCHAEMIC ATTACK,TRANSIENT ISCHAEMIC ATTACK,SEVERE,N,NONE,Y,2013-02-21,2013-02-21,1,RECOVERED/RESOLVED
01-704-1008,Xanomeline High Dose,81,76,F,SINUS BRADYCARDIA,SINUS BRADYCARDIA,MODERATE,N,NONE,Y,2013-02-25,NA,NA,NOT RECOVERED/NOT RESOLVED
01-704-1009,Xanomeline Low Dose,54,83,M,FATIGUE,FATIGUE,MILD,N,REMOTE,Y,2013-09-05,NA,NA,NOT RECOVERED/NOT RESOLVED
01-704-1009,Xanomeline Low Dose,54,83,M,MALAISE,MALAISE,MILD,N,POSSIBLE,Y,2013-09-05,2013-09-27,23,NOT RECOVERED/NOT RESOLVED
01-704-1009,Xanomeline Low Dose,54,83,M,RASH,RASH,MILD,N,POSSIBLE,Y,2013-09-14,NA,NA,NOT RECOVERED/NOT RESOLVED
01-704-1009,Xanomeline Low Dose,54,83,M,MALAISE,MALAISE,MILD,N,POSSIBLE,Y,2013-09-05,2013-09-27,23,RECOVERED/RESOLVED
01-704-1009,Xanomeline Low Dose,54,83,M,DIZZINESS,DIZZINESS,MILD,N,REMOTE,Y,2013-09-17,NA,NA,NOT RECOVERED/NOT RESOLVED
01-704-1009,Xanomeline Low Dose,54,83,M,NAUSEA,NAUSEA,MILD,N,POSSIBLE,Y,2013-09-22,2013-09-23,2,RECOVERED/RESOLVED
01-704-1010,Placebo,0,80,M,CYSTITIS,CYSTITIS,MILD,N,NONE,Y,2014-02-27,2014-03-06,8,RECOVERED/RESOLVED
01-704-1010,Placebo,0,80,M,VOMITING,VOMITING,MILD,N,NONE,Y,2014-07-05,2014-07-06,2,RECOVERED/RESOLVED
01-704-1010,Placebo,0,80,M,DIARRHOEA,DIARRHOEA,MILD,N,NONE,Y,2014-07-05,2014-07-06,2,RECOVERED/RESOLVED
01-704-1010,Placebo,0,80,M,EXCORIATION,EXCORIATION,MILD,N,NONE,Y,2014-07-06,NA,NA,NOT RECOVERED/NOT RESOLVED
01-704-1010,Placebo,0,80,M,SKIN LACERATION,SKIN LACERATION,MILD,N,NONE,Y,2014-07-06,NA,NA,NOT RECOVERED/NOT RESOLVED
01-704-1010,Placebo,0,80,M,ARTHRALGIA,ARTHRALGIA,MILD,N,NONE,Y,2014-07-06,NA,NA,NOT RECOVERED/NOT RESOLVED
01-704-1010,Placebo,0,80,M,CONTUSION,CONTUSION,MILD,N,NONE,Y,2014-07-06,NA,NA,NOT RECOVERED/NOT RESOLVED
01-704-1017,Xanomeline High Dose,81,77,M,MYOCARDIAL INFARCTION,MYOCARDIAL INFARCTION,MILD,N,NONE,Y,2013-10-19,NA,NA,NOT RECOVERED/NOT RESOLVED
01-704-1017,Xanomeline High Dose,81,77,M,VENTRICULAR SEPTAL DEFECT,VENTRICULAR SEPTAL DEFECT,MILD,N,NONE,Y,2013-10-19,NA,NA,NOT RECOVERED/NOT RESOLVED
01-704-1017,Xanomeline High Dose,81,77,M,INFLUENZA,INFLUENZA,MILD,N,NONE,Y,2013-11-01,2013-11-08,8,RECOVERED/RESOLVED
01-704-1017,Xanomeline High Dose,81,77,M,CARDIAC DISORDER,CARDIAC DISORDER,MILD,N,NONE,Y,2013-11-01,NA,NA,NOT RECOVERED/NOT RESOLVED
01-704-1017,Xanomeline High Dose,81,77,M,RASH,RASH,MILD,N,PROBABLE,Y,2013-11-05,2013-11-22,18,NOT RECOVERED/NOT RESOLVED
01-704-1017,Xanomeline High Dose,81,77,M,PRURITUS,PRURITUS,MILD,N,PROBABLE,Y,2013-11-05,2013-11-22,18,NOT RECOVERED/NOT RESOLVED
01-704-1017,Xanomeline High Dose,81,77,M,RASH,RASH,MILD,N,PROBABLE,Y,2013-11-05,2013-11-22,18,RECOVERED/RESOLVED
01-704-1017,Xanomeline High Dose,81,77,M,PRURITUS,PRURITUS,MILD,N,PROBABLE,Y,2013-11-05,2013-11-22,18,RECOVERED/RESOLVED
01-704-1025,Xanomeline Low Dose,54,81,F,VERTIGO,VERTIGO,MODERATE,N,POSSIBLE,Y,2013-09-28,2013-09-30,3,RECOVERED/RESOLVED
01-704-1025,Xanomeline Low Dose,54,81,F,PALPITATIONS,PALPITATIONS,MODERATE,N,REMOTE,Y,2013-09-28,2013-09-30,3,RECOVERED/RESOLVED
01-704-1025,Xanomeline Low Dose,54,81,F,ELECTROCARDIOGRAM ST SEGMENT DEPRESSION,ELECTROCARDIOGRAM ST SEGMENT DEPRESSION,MILD,N,POSSIBLE,Y,2013-10-11,2013-10-25,15,NOT RECOVERED/NOT RESOLVED
01-704-1025,Xanomeline Low Dose,54,81,F,WOLFF-PARKINSON-WHITE SYNDROME,WOLFF-PARKINSON-WHITE SYNDROME,MILD,N,POSSIBLE,Y,2013-10-25,2013-11-29,36,NOT RECOVERED/NOT RESOLVED
01-704-1025,Xanomeline Low Dose,54,81,F,ELECTROCARDIOGRAM ST SEGMENT DEPRESSION,ELECTROCARDIOGRAM ST SEGMENT DEPRESSION,MILD,N,POSSIBLE,Y,2013-10-11,2013-10-25,15,RECOVERED/RESOLVED
01-704-1025,Xanomeline Low Dose,54,81,F,WOLFF-PARKINSON-WHITE SYNDROME,WOLFF-PARKINSON-WHITE SYNDROME,MILD,N,POSSIBLE,Y,2013-10-25,2013-11-29,36,RECOVERED/RESOLVED
01-704-1065,Xanomeline High Dose,81,75,M,ABDOMINAL DISCOMFORT,ABDOMINAL DISCOMFORT,MILD,N,REMOTE,Y,2013-10-26,NA,NA,NOT RECOVERED/NOT RESOLVED
01-704-1065,Xanomeline High Dose,81,75,M,RASH,RASH,MILD,N,PROBABLE,Y,2013-10-27,NA,NA,NOT RECOVERED/NOT RESOLVED
01-704-1065,Xanomeline High Dose,81,75,M,APPLICATION SITE PRURITUS,APPLICATION SITE PRURITUS,MODERATE,N,PROBABLE,Y,2013-10-27,NA,NA,NOT RECOVERED/NOT RESOLVED
01-704-1065,Xanomeline High Dose,81,75,M,APPLICATION SITE IRRITATION,APPLICATION SITE IRRITATION,MILD,N,PROBABLE,Y,2013-11-09,NA,NA,NOT RECOVERED/NOT RESOLVED
01-704-1065,Xanomeline High Dose,81,75,M,MALAISE,MALAISE,MILD,N,POSSIBLE,Y,2013-11-09,NA,NA,NOT RECOVERED/NOT RESOLVED
01-704-1065,Xanomeline High Dose,81,75,M,HYPERHIDROSIS,HYPERHIDROSIS,MILD,N,POSSIBLE,Y,2013-11-09,NA,NA,NOT RECOVERED/NOT RESOLVED
01-704-1065,Xanomeline High Dose,81,75,M,CHILLS,CHILLS,MILD,N,REMOTE,Y,2013-11-17,2013-11-17,1,RECOVERED/RESOLVED
01-704-1065,Xanomeline High Dose,81,75,M,DIZZINESS,DIZZINESS,MILD,N,REMOTE,Y,2013-11-17,2013-11-17,1,RECOVERED/RESOLVED
01-704-1065,Xanomeline High Dose,81,75,M,DIARRHOEA,DIARRHOEA,MILD,N,REMOTE,Y,2013-12-15,2013-12-15,1,RECOVERED/RESOLVED
01-704-1065,Xanomeline High Dose,81,75,M,SINUS BRADYCARDIA,SINUS BRADYCARDIA,MILD,N,NONE,Y,2013-12-24,NA,NA,NOT RECOVERED/NOT RESOLVED
01-704-1074,Xanomeline High Dose,81,80,F,PRURITUS,PRURITUS,MILD,N,PROBABLE,Y,2014-01-22,NA,NA,NOT RECOVERED/NOT RESOLVED
01-704-1074,Xanomeline High Dose,81,80,F,ERYTHEMA,ERYTHEMA,MILD,N,PROBABLE,Y,2014-02-09,NA,NA,NOT RECOVERED/NOT RESOLVED
01-704-1093,Xanomeline High Dose,81,79,M,BLOOD GLUCOSE INCREASED,BLOOD GLUCOSE INCREASED,MILD,N,NONE,Y,2013-03-30,2013-04-13,15,NOT RECOVERED/NOT RESOLVED
01-704-1093,Xanomeline High Dose,81,79,M,BLOOD GLUCOSE INCREASED,BLOOD GLUCOSE INCREASED,MILD,N,NONE,Y,2013-03-30,2013-04-13,15,RECOVERED/RESOLVED
01-704-1093,Xanomeline High Dose,81,79,M,RASH,RASH,MILD,N,PROBABLE,Y,2013-05-04,NA,NA,NOT RECOVERED/NOT RESOLVED
01-704-1093,Xanomeline High Dose,81,79,M,PRURITUS,PRURITUS,MILD,N,PROBABLE,Y,2013-05-04,NA,NA,NOT RECOVERED/NOT RESOLVED
01-704-1114,Xanomeline Low Dose,54,77,M,ERYTHEMA,ERYTHEMA,MILD,N,PROBABLE,Y,2013-02-21,2013-02-23,3,RECOVERED/RESOLVED
01-704-1114,Xanomeline Low Dose,54,77,M,OEDEMA,OEDEMA,MILD,N,PROBABLE,Y,2013-02-23,NA,NA,NOT RECOVERED/NOT RESOLVED
01-704-1114,Xanomeline Low Dose,54,77,M,RASH,RASH,MILD,N,PROBABLE,Y,2013-03-23,NA,NA,NOT RECOVERED/NOT RESOLVED
01-704-1114,Xanomeline Low Dose,54,77,M,PRURITUS,PRURITUS,MILD,N,PROBABLE,Y,2013-03-23,NA,NA,NOT RECOVERED/NOT RESOLVED
01-704-1114,Xanomeline Low Dose,54,77,M,INFLUENZA,INFLUENZA,MILD,N,NONE,Y,2013-06-07,2013-06-13,7,RECOVERED/RESOLVED
01-704-1120,Xanomeline Low Dose,54,71,F,RASH,RASH,MILD,N,PROBABLE,Y,2013-12-23,NA,NA,NOT RECOVERED/NOT RESOLVED
01-704-1120,Xanomeline Low Dose,54,71,F,NASOPHARYNGITIS,NASOPHARYNGITIS,MILD,N,NONE,Y,2013-12-28,2014-02-03,38,NOT RECOVERED/NOT RESOLVED
01-704-1120,Xanomeline Low Dose,54,71,F,RASH,RASH,MODERATE,N,PROBABLE,Y,2013-12-23,NA,NA,NOT RECOVERED/NOT RESOLVED
01-704-1120,Xanomeline Low Dose,54,71,F,PRURITUS,PRURITUS,MILD,N,PROBABLE,Y,2014-01-27,NA,NA,NOT RECOVERED/NOT RESOLVED
01-704-1120,Xanomeline Low Dose,54,71,F,PRURITUS,PRURITUS,MODERATE,N,PROBABLE,Y,2014-01-27,NA,NA,NOT RECOVERED/NOT RESOLVED
01-704-1120,Xanomeline Low Dose,54,71,F,NASOPHARYNGITIS,NASOPHARYNGITIS,MILD,N,NONE,Y,2013-12-28,2014-02-03,38,RECOVERED/RESOLVED
01-704-1135,Xanomeline Low Dose,54,74,F,RASH,RASH,MILD,N,,Y,2013-12-08,NA,NA,NOT RECOVERED/NOT RESOLVED
01-704-1135,Xanomeline Low Dose,54,74,F,RASH,RASH,SEVERE,N,,Y,2013-12-08,NA,NA,NOT RECOVERED/NOT RESOLVED
01-704-1164,Placebo,0,67,F,INFLUENZA,INFLUENZA,MILD,N,NONE,Y,2012-09-27,2012-10-07,11,NOT RECOVERED/NOT RESOLVED
01-704-1164,Placebo,0,67,F,INFLUENZA,INFLUENZA,MILD,N,NONE,Y,2012-09-27,2012-10-07,11,RECOVERED/RESOLVED
01-704-1164,Placebo,0,67,F,OEDEMA PERIPHERAL,OEDEMA PERIPHERAL,MILD,N,NONE,Y,2013-02-04,2013-02-13,10,RECOVERED/RESOLVED
01-704-1218,Xanomeline Low Dose,54,81,F,BLOOD GLUCOSE INCREASED,BLOOD GLUCOSE INCREASED,MILD,N,NONE,Y,2012-12-30,NA,NA,NOT RECOVERED/NOT RESOLVED
01-704-1241,Xanomeline High Dose,81,86,M,RASH,RASH,MODERATE,N,NONE,N,2013-08-14,NA,NA,NOT RECOVERED/NOT RESOLVED
01-704-1241,Xanomeline High Dose,81,86,M,DYSPNOEA,DYSPNOEA,MILD,N,NONE,Y,2013-09-28,NA,NA,NOT RECOVERED/NOT RESOLVED
01-704-1266,Xanomeline High Dose,81,82,M,SEASONAL ALLERGY,SEASONAL ALLERGY,MILD,N,NONE,N,2013-10-06,NA,NA,NOT RECOVERED/NOT RESOLVED
01-704-1266,Xanomeline High Dose,81,82,M,ERYTHEMA,ERYTHEMA,MILD,N,PROBABLE,Y,2013-10-17,2013-12-23,68,NOT RECOVERED/NOT RESOLVED
01-704-1266,Xanomeline High Dose,81,82,M,ATRIAL FLUTTER,ATRIAL FLUTTER,MILD,N,NONE,Y,2013-10-27,2013-11-08,13,NOT RECOVERED/NOT RESOLVED
01-704-1266,Xanomeline High Dose,81,82,M,ATRIAL FIBRILLATION,ATRIAL FIBRILLATION,MILD,N,NONE,Y,2013-11-08,2013-12-06,29,NOT RECOVERED/NOT RESOLVED
01-704-1266,Xanomeline High Dose,81,82,M,ATRIAL FLUTTER,ATRIAL FLUTTER,MILD,N,NONE,Y,2013-10-27,2013-11-08,13,RECOVERED/RESOLVED
01-704-1266,Xanomeline High Dose,81,82,M,HYPERHIDROSIS,HYPERHIDROSIS,MILD,N,POSSIBLE,Y,2013-11-09,2013-12-04,26,NOT RECOVERED/NOT RESOLVED
01-704-1266,Xanomeline High Dose,81,82,M,BLISTER,BLISTER,MILD,N,PROBABLE,Y,2013-11-15,2013-12-14,30,NOT RECOVERED/NOT RESOLVED
01-704-1266,Xanomeline High Dose,81,82,M,PRURITUS,PRURITUS,MILD,N,PROBABLE,Y,2013-11-15,2013-12-23,39,NOT RECOVERED/NOT RESOLVED
01-704-1266,Xanomeline High Dose,81,82,M,ERYTHEMA,ERYTHEMA,MODERATE,N,PROBABLE,Y,2013-10-17,2013-12-23,68,NOT RECOVERED/NOT RESOLVED
01-704-1266,Xanomeline High Dose,81,82,M,HYPERHIDROSIS,HYPERHIDROSIS,MILD,N,POSSIBLE,Y,2013-11-09,2013-12-04,26,RECOVERED/RESOLVED
01-704-1266,Xanomeline High Dose,81,82,M,ERYTHEMA,ERYTHEMA,MILD,N,PROBABLE,Y,2013-12-06,2013-12-23,18,NOT RECOVERED/NOT RESOLVED
01-704-1266,Xanomeline High Dose,81,82,M,ERYTHEMA,ERYTHEMA,MODERATE,N,PROBABLE,Y,2013-10-17,2013-12-23,68,RECOVERED/RESOLVED
01-704-1266,Xanomeline High Dose,81,82,M,ATRIAL FIBRILLATION,ATRIAL FIBRILLATION,MILD,N,NONE,Y,2013-11-08,2013-12-06,29,RECOVERED/RESOLVED
01-704-1266,Xanomeline High Dose,81,82,M,BLISTER,BLISTER,MILD,N,PROBABLE,Y,2013-11-15,2013-12-14,30,RECOVERED/RESOLVED
01-704-1266,Xanomeline High Dose,81,82,M,PRURITUS,PRURITUS,MILD,N,PROBABLE,Y,2013-11-15,2013-12-23,39,RECOVERED/RESOLVED
01-704-1266,Xanomeline High Dose,81,82,M,ERYTHEMA,ERYTHEMA,MILD,N,PROBABLE,Y,2013-12-06,2013-12-23,18,RECOVERED/RESOLVED
01-704-1323,Xanomeline Low Dose,54,68,F,VIRAL INFECTION,VIRAL INFECTION,MILD,N,NONE,Y,2013-07-30,2013-08-03,5,RECOVERED/RESOLVED
01-704-1323,Xanomeline Low Dose,54,68,F,RASH,RASH,MILD,N,PROBABLE,Y,2013-08-04,NA,NA,NOT RECOVERED/NOT RESOLVED
01-704-1323,Xanomeline Low Dose,54,68,F,PRURITUS,PRURITUS,MILD,N,PROBABLE,Y,2013-08-04,NA,NA,NOT RECOVERED/NOT RESOLVED
01-704-1323,Xanomeline Low Dose,54,68,F,OEDEMA,OEDEMA,MILD,N,PROBABLE,Y,2013-08-04,NA,NA,NOT RECOVERED/NOT RESOLVED
01-704-1325,Xanomeline Low Dose,54,81,M,RASH,RASH,MILD,N,PROBABLE,Y,2014-05-23,NA,NA,NOT RECOVERED/NOT RESOLVED
01-704-1325,Xanomeline Low Dose,54,81,M,PRURITUS,PRURITUS,MILD,N,PROBABLE,Y,2014-07-04,NA,NA,NOT RECOVERED/NOT RESOLVED
01-704-1332,Xanomeline High Dose,81,80,M,RASH,RASH,MILD,N,NONE,Y,2013-12-10,2014-02-24,77,NOT RECOVERED/NOT RESOLVED
01-704-1332,Xanomeline High Dose,81,80,M,PRURITUS,PRURITUS,MILD,N,PROBABLE,Y,2014-01-18,2014-02-24,38,NOT RECOVERED/NOT RESOLVED
01-704-1332,Xanomeline High Dose,81,80,M,RASH,RASH,MODERATE,N,NONE,Y,2013-12-10,2014-02-24,77,NOT RECOVERED/NOT RESOLVED
01-704-1332,Xanomeline High Dose,81,80,M,BURNING SENSATION,BURNING SENSATION,MILD,N,PROBABLE,Y,2014-02-03,NA,NA,NOT RECOVERED/NOT RESOLVED
01-704-1332,Xanomeline High Dose,81,80,M,RASH,RASH,MODERATE,N,NONE,Y,2013-12-10,2014-02-24,77,RECOVERED/RESOLVED
01-704-1332,Xanomeline High Dose,81,80,M,PRURITUS,PRURITUS,MILD,N,PROBABLE,Y,2014-01-18,2014-02-24,38,RECOVERED/RESOLVED
01-704-1351,Placebo,0,70,M,POLLAKIURIA,POLLAKIURIA,MILD,N,NONE,Y,2013-10-27,2014-04-04,160,NOT RECOVERED/NOT RESOLVED
01-704-1351,Placebo,0,70,M,FLATULENCE,FLATULENCE,MILD,N,NONE,Y,2013-10-27,2014-04-04,160,NOT RECOVERED/NOT RESOLVED
01-704-1351,Placebo,0,70,M,POLLAKIURIA,POLLAKIURIA,MILD,N,NONE,Y,2013-10-27,2014-04-04,160,RECOVERED/RESOLVED
01-704-1351,Placebo,0,70,M,FLATULENCE,FLATULENCE,MILD,N,NONE,Y,2013-10-27,2014-04-04,160,RECOVERED/RESOLVED
01-704-1388,Placebo,0,81,M,HEADACHE,HEADACHE,MODERATE,N,NONE,N,2012-08-23,NA,NA,NOT RECOVERED/NOT RESOLVED
01-704-1435,Placebo,0,74,M,PARKINSON'S DISEASE,PARKINSON'S DISEASE,MILD,N,NONE,Y,2013-01-06,NA,NA,NOT RECOVERED/NOT RESOLVED
01-704-1445,Placebo,0,75,M,COMPLETED SUICIDE,COMPLETED SUICIDE,SEVERE,N,NONE,Y,2014-10-31,2014-10-31,1,FATAL
01-705-1031,Xanomeline Low Dose,54,56,F,RASH,RASH,MILD,N,POSSIBLE,Y,2013-12-25,NA,NA,NOT RECOVERED/NOT RESOLVED
01-705-1059,Placebo,0,66,F,ERYTHEMA,ERYTHEMA,MODERATE,N,PROBABLE,Y,2013-11-02,NA,NA,NOT RECOVERED/NOT RESOLVED
01-705-1186,Placebo,0,84,F,HYPERBILIRUBINAEMIA,HYPERBILIRUBINAEMIA,MODERATE,N,REMOTE,Y,2014-01-26,NA,NA,NOT RECOVERED/NOT RESOLVED
01-705-1199,Xanomeline Low Dose,54,87,M,DYSPEPSIA,DYSPEPSIA,MODERATE,N,POSSIBLE,Y,2013-09-17,2013-09-29,13,NOT RECOVERED/NOT RESOLVED
01-705-1199,Xanomeline Low Dose,54,87,M,DYSPEPSIA,DYSPEPSIA,MODERATE,N,POSSIBLE,Y,2013-09-17,2013-09-29,13,RECOVERED/RESOLVED
01-705-1280,Xanomeline High Dose,81,56,F,PRURITUS,PRURITUS,MILD,N,POSSIBLE,Y,2014-04-20,NA,NA,NOT RECOVERED/NOT RESOLVED
01-705-1281,Xanomeline High Dose,81,73,F,PRURITUS,PRURITUS,MILD,N,POSSIBLE,Y,2014-01-30,NA,NA,NOT RECOVERED/NOT RESOLVED
01-705-1281,Xanomeline High Dose,81,73,F,EXCORIATION,EXCORIATION,MODERATE,N,PROBABLE,Y,2014-01-30,NA,NA,NOT RECOVERED/NOT RESOLVED
01-705-1281,Xanomeline High Dose,81,73,F,PRURITUS,PRURITUS,MODERATE,N,POSSIBLE,Y,2014-01-30,NA,NA,NOT RECOVERED/NOT RESOLVED
01-705-1292,Xanomeline Low Dose,54,60,F,PRURITUS,PRURITUS,MILD,N,PROBABLE,Y,2013-10-28,NA,NA,NOT RECOVERED/NOT RESOLVED
01-705-1292,Xanomeline Low Dose,54,60,F,ERYTHEMA,ERYTHEMA,MODERATE,N,PROBABLE,Y,2014-02-13,NA,NA,NOT RECOVERED/NOT RESOLVED
01-705-1303,Xanomeline High Dose,81,72,M,PRURITUS,PRURITUS,MILD,N,POSSIBLE,Y,2014-02-05,2014-03-03,27,NOT RECOVERED/NOT RESOLVED
01-705-1303,Xanomeline High Dose,81,72,M,RASH,RASH,MILD,N,POSSIBLE,Y,2014-02-05,2014-03-03,27,NOT RECOVERED/NOT RESOLVED
01-705-1303,Xanomeline High Dose,81,72,M,PRURITUS,PRURITUS,MILD,N,POSSIBLE,Y,2014-02-05,2014-03-03,27,RECOVERED/RESOLVED
01-705-1303,Xanomeline High Dose,81,72,M,RASH,RASH,MODERATE,N,POSSIBLE,Y,2014-02-05,2014-03-03,27,RECOVERED/RESOLVED
01-705-1310,Xanomeline High Dose,81,74,F,RASH PRURITIC,RASH PRURITIC,MODERATE,N,POSSIBLE,Y,2013-11-14,NA,NA,NOT RECOVERED/NOT RESOLVED
01-705-1310,Xanomeline High Dose,81,74,F,WOUND HAEMORRHAGE,WOUND HAEMORRHAGE,MODERATE,N,POSSIBLE,Y,2014-01-09,NA,NA,NOT RECOVERED/NOT RESOLVED
01-705-1349,Placebo,0,86,F,NAUSEA,NAUSEA,MILD,N,REMOTE,Y,2013-04-08,2013-04-08,1,RECOVERED/RESOLVED
01-705-1349,Placebo,0,86,F,VOMITING,VOMITING,MILD,N,REMOTE,Y,2013-04-11,2013-04-11,1,RECOVERED/RESOLVED
01-705-1349,Placebo,0,86,F,VENTRICULAR HYPERTROPHY,VENTRICULAR HYPERTROPHY,MILD,N,REMOTE,Y,2013-08-25,NA,NA,NOT RECOVERED/NOT RESOLVED
01-705-1349,Placebo,0,86,F,ELECTROCARDIOGRAM ST SEGMENT DEPRESSION,ELECTROCARDIOGRAM ST SEGMENT DEPRESSION,MILD,N,REMOTE,Y,2013-08-25,NA,NA,NOT RECOVERED/NOT RESOLVED
01-705-1393,Xanomeline Low Dose,54,84,F,ABDOMINAL PAIN,ABDOMINAL PAIN,MILD,N,REMOTE,Y,2012-09-19,2012-09-24,6,RECOVERED/RESOLVED
01-705-1393,Xanomeline Low Dose,54,84,F,PRURITUS,PRURITUS,MILD,N,PROBABLE,N,2011-12-05,2013-02-20,444,NOT RECOVERED/NOT RESOLVED
01-705-1393,Xanomeline Low Dose,54,84,F,COLON CANCER,COLON CANCER,SEVERE,N,NONE,Y,2013-01-21,2013-01-24,4,RECOVERED/RESOLVED
01-705-1393,Xanomeline Low Dose,54,84,F,PRURITUS,PRURITUS,MILD,N,PROBABLE,N,2011-12-05,2013-02-20,444,RECOVERED/RESOLVED
01-705-1431,Xanomeline Low Dose,54,68,F,RASH ERYTHEMATOUS,RASH ERYTHEMATOUS,MILD,N,PROBABLE,N,2013-06-22,NA,NA,NOT RECOVERED/NOT RESOLVED
01-705-1431,Xanomeline Low Dose,54,68,F,ANXIETY,ANXIETY,MILD,N,POSSIBLE,Y,2013-07-04,2013-07-06,3,RECOVERED/RESOLVED
01-706-1041,Placebo,0,64,F,ANXIETY,ANXIETY,MODERATE,N,REMOTE,N,2012-05-01,NA,NA,NOT RECOVERED/NOT RESOLVED
01-706-1041,Placebo,0,64,F,DIARRHOEA,DIARRHOEA,MILD,N,REMOTE,Y,2014-01-07,2014-01-08,2,RECOVERED/RESOLVED
01-706-1041,Placebo,0,64,F,EXCORIATION,EXCORIATION,MILD,N,NONE,Y,2014-01-14,2014-01-28,15,NOT RECOVERED/NOT RESOLVED
01-706-1041,Placebo,0,64,F,IRRITABILITY,IRRITABILITY,MODERATE,N,POSSIBLE,Y,2014-01-15,2014-07-29,196,NOT RECOVERED/NOT RESOLVED
01-706-1041,Placebo,0,64,F,EXCORIATION,EXCORIATION,MILD,N,NONE,Y,2014-01-14,2014-01-28,15,RECOVERED/RESOLVED
01-706-1041,Placebo,0,64,F,PRURITUS,PRURITUS,MILD,N,POSSIBLE,Y,2014-03-04,2014-07-29,148,NOT RECOVERED/NOT RESOLVED
01-706-1041,Placebo,0,64,F,ANXIETY,ANXIETY,MILD,N,REMOTE,N,2012-05-01,NA,NA,NOT RECOVERED/NOT RESOLVED
01-706-1041,Placebo,0,64,F,IRRITABILITY,IRRITABILITY,MODERATE,N,POSSIBLE,Y,2014-01-15,2014-07-29,196,RECOVERED/RESOLVED
01-706-1041,Placebo,0,64,F,PRURITUS,PRURITUS,MILD,N,POSSIBLE,Y,2014-03-04,2014-07-29,148,RECOVERED/RESOLVED
01-706-1049,Xanomeline High Dose,81,60,F,SYNCOPE,SYNCOPE,MODERATE,N,POSSIBLE,Y,2013-06-03,2013-06-03,1,RECOVERED/RESOLVED
01-706-1049,Xanomeline High Dose,81,60,F,SYNCOPE,SYNCOPE,SEVERE,N,PROBABLE,Y,2013-06-18,2013-06-18,1,RECOVERED/RESOLVED
01-706-1384,Xanomeline Low Dose,54,74,F,ERYTHEMA,ERYTHEMA,MODERATE,N,NONE,Y,2012-09-15,2012-09-29,15,NOT RECOVERED/NOT RESOLVED
01-706-1384,Xanomeline Low Dose,54,74,F,PRURITUS,PRURITUS,MODERATE,N,NONE,Y,2012-09-15,2012-09-29,15,NOT RECOVERED/NOT RESOLVED
01-706-1384,Xanomeline Low Dose,54,74,F,EXCORIATION,EXCORIATION,MODERATE,N,NONE,Y,2012-09-15,2012-09-29,15,NOT RECOVERED/NOT RESOLVED
01-706-1384,Xanomeline Low Dose,54,74,F,ERYTHEMA,ERYTHEMA,MODERATE,N,PROBABLE,Y,2012-09-23,2012-09-29,7,NOT RECOVERED/NOT RESOLVED
01-706-1384,Xanomeline Low Dose,54,74,F,PRURITUS,PRURITUS,MODERATE,N,PROBABLE,Y,2012-09-23,2012-09-29,7,NOT RECOVERED/NOT RESOLVED
01-706-1384,Xanomeline Low Dose,54,74,F,ERYTHEMA,ERYTHEMA,MODERATE,N,NONE,Y,2012-09-15,2012-09-29,15,RECOVERED/RESOLVED
01-706-1384,Xanomeline Low Dose,54,74,F,PRURITUS,PRURITUS,MODERATE,N,NONE,Y,2012-09-15,2012-09-29,15,RECOVERED/RESOLVED
01-706-1384,Xanomeline Low Dose,54,74,F,EXCORIATION,EXCORIATION,MODERATE,N,NONE,Y,2012-09-15,2012-09-29,15,RECOVERED/RESOLVED
01-706-1384,Xanomeline Low Dose,54,74,F,ERYTHEMA,ERYTHEMA,MODERATE,N,PROBABLE,Y,2012-09-23,2012-09-29,7,RECOVERED/RESOLVED
01-706-1384,Xanomeline Low Dose,54,74,F,PRURITUS,PRURITUS,MODERATE,N,PROBABLE,Y,2012-09-23,2012-09-29,7,RECOVERED/RESOLVED
01-707-1206,Placebo,0,65,M,SINUS ARRHYTHMIA,SINUS ARRHYTHMIA,MILD,N,POSSIBLE,Y,2013-11-25,2013-12-23,29,NOT RECOVERED/NOT RESOLVED
01-707-1206,Placebo,0,65,M,BLOOD CREATINE PHOSPHOKINASE INCREASED,BLOOD CREATINE PHOSPHOKINASE INCREASED,MODERATE,N,POSSIBLE,Y,2013-11-26,2013-12-09,14,NOT RECOVERED/NOT RESOLVED
01-707-1206,Placebo,0,65,M,POSTNASAL DRIP,POSTNASAL DRIP,MILD,N,NONE,Y,2013-12-03,2013-12-10,8,NOT RECOVERED/NOT RESOLVED
01-707-1206,Placebo,0,65,M,BLOOD CREATINE PHOSPHOKINASE INCREASED,BLOOD CREATINE PHOSPHOKINASE INCREASED,MODERATE,N,POSSIBLE,Y,2013-11-26,2013-12-09,14,RECOVERED/RESOLVED
01-707-1206,Placebo,0,65,M,POSTNASAL DRIP,POSTNASAL DRIP,MILD,N,NONE,Y,2013-12-03,2013-12-10,8,RECOVERED/RESOLVED
01-707-1206,Placebo,0,65,M,SINUS ARRHYTHMIA,SINUS ARRHYTHMIA,MILD,N,POSSIBLE,Y,2013-11-25,2013-12-23,29,RECOVERED/RESOLVED
01-707-1206,Placebo,0,65,M,CONJUNCTIVITIS,CONJUNCTIVITIS,MODERATE,N,REMOTE,Y,2014-02-08,2014-02-22,15,NOT RECOVERED/NOT RESOLVED
01-707-1206,Placebo,0,65,M,CONJUNCTIVITIS,CONJUNCTIVITIS,MODERATE,N,REMOTE,Y,2014-02-08,2014-02-22,15,RECOVERED/RESOLVED
01-708-1019,Xanomeline Low Dose,54,68,M,HEADACHE,HEADACHE,SEVERE,N,POSSIBLE,Y,2013-12-31,2013-12-31,1,RECOVERED/RESOLVED
01-708-1019,Xanomeline Low Dose,54,68,M,STUPOR,STUPOR,SEVERE,N,POSSIBLE,Y,2014-01-01,2014-01-01,1,RECOVERED/RESOLVED
01-708-1019,Xanomeline Low Dose,54,68,M,TRANSIENT ISCHAEMIC ATTACK,TRANSIENT ISCHAEMIC ATTACK,SEVERE,N,POSSIBLE,Y,2014-01-01,2014-01-01,1,RECOVERED/RESOLVED
01-708-1019,Xanomeline Low Dose,54,68,M,VISION BLURRED,VISION BLURRED,MILD,N,POSSIBLE,Y,2014-01-01,2014-01-01,1,RECOVERED/RESOLVED
01-708-1019,Xanomeline Low Dose,54,68,M,DIZZINESS,DIZZINESS,MILD,N,POSSIBLE,Y,2014-01-01,2014-01-01,1,RECOVERED/RESOLVED
01-708-1032,Xanomeline Low Dose,54,62,M,APPLICATION SITE VESICLES,APPLICATION SITE VESICLES,MODERATE,N,PROBABLE,Y,2013-02-26,2013-03-09,12,RECOVERED/RESOLVED
01-708-1084,Xanomeline Low Dose,54,73,F,DIZZINESS,DIZZINESS,MILD,N,POSSIBLE,Y,2013-05-23,2013-05-23,1,NOT RECOVERED/NOT RESOLVED
01-708-1084,Xanomeline Low Dose,54,73,F,DIZZINESS,DIZZINESS,MILD,N,POSSIBLE,Y,2013-05-23,2013-05-23,1,RECOVERED/RESOLVED
01-708-1084,Xanomeline Low Dose,54,73,F,MYOCARDIAL INFARCTION,MYOCARDIAL INFARCTION,MILD,N,REMOTE,Y,2013-06-09,2013-06-09,1,NOT RECOVERED/NOT RESOLVED
01-708-1084,Xanomeline Low Dose,54,73,F,MYOCARDIAL INFARCTION,MYOCARDIAL INFARCTION,MILD,N,REMOTE,Y,2013-06-09,2013-06-09,1,RECOVERED/RESOLVED
01-708-1084,Xanomeline Low Dose,54,73,F,SINUS BRADYCARDIA,SINUS BRADYCARDIA,MILD,N,REMOTE,Y,2013-06-23,2013-06-23,1,NOT RECOVERED/NOT RESOLVED
01-708-1084,Xanomeline Low Dose,54,73,F,SINUS BRADYCARDIA,SINUS BRADYCARDIA,MILD,N,REMOTE,Y,2013-06-23,2013-06-23,1,RECOVERED/RESOLVED
01-708-1087,Placebo,0,74,F,HEART RATE IRREGULAR,HEART RATE IRREGULAR,MILD,N,POSSIBLE,Y,2013-01-19,2013-01-19,1,NOT RECOVERED/NOT RESOLVED
01-708-1087,Placebo,0,74,F,HEART RATE IRREGULAR,HEART RATE IRREGULAR,MILD,N,POSSIBLE,Y,2013-01-19,2013-01-19,1,RECOVERED/RESOLVED
01-708-1087,Placebo,0,74,F,DIZZINESS,DIZZINESS,MILD,N,POSSIBLE,Y,2013-02-04,2013-02-08,5,RECOVERED/RESOLVED
01-708-1087,Placebo,0,74,F,HEADACHE,HEADACHE,MILD,N,NONE,Y,2013-02-16,NA,NA,NOT RECOVERED/NOT RESOLVED
01-708-1087,Placebo,0,74,F,HEART RATE IRREGULAR,HEART RATE IRREGULAR,MILD,N,POSSIBLE,Y,2013-03-16,2013-03-16,1,NOT RECOVERED/NOT RESOLVED
01-708-1087,Placebo,0,74,F,HEART RATE IRREGULAR,HEART RATE IRREGULAR,MILD,N,POSSIBLE,Y,2013-03-16,2013-03-16,1,RECOVERED/RESOLVED
01-708-1158,Placebo,0,81,F,AGITATION,AGITATION,MILD,N,REMOTE,Y,2014-02-25,NA,NA,NOT RECOVERED/NOT RESOLVED
01-708-1158,Placebo,0,81,F,ERYTHEMA,ERYTHEMA,MILD,N,PROBABLE,Y,2014-03-22,2014-03-22,1,RECOVERED/RESOLVED
01-708-1178,Xanomeline High Dose,81,77,F,FLANK PAIN,FLANK PAIN,MILD,N,NONE,N,2013-12-19,NA,NA,NOT RECOVERED/NOT RESOLVED
01-708-1178,Xanomeline High Dose,81,77,F,NASOPHARYNGITIS,NASOPHARYNGITIS,MILD,N,NONE,Y,2014-03-01,2014-03-08,8,RECOVERED/RESOLVED
01-708-1178,Xanomeline High Dose,81,77,F,APPLICATION SITE PRURITUS,APPLICATION SITE PRURITUS,MILD,N,PROBABLE,Y,2014-03-09,2014-04-06,29,NOT RECOVERED/NOT RESOLVED
01-708-1178,Xanomeline High Dose,81,77,F,VENTRICULAR SEPTAL DEFECT,VENTRICULAR SEPTAL DEFECT,MILD,N,NONE,Y,2014-03-09,NA,NA,NOT RECOVERED/NOT RESOLVED
01-708-1178,Xanomeline High Dose,81,77,F,APPLICATION SITE PRURITUS,APPLICATION SITE PRURITUS,MILD,N,PROBABLE,Y,2014-03-09,2014-04-06,29,RECOVERED/RESOLVED
01-708-1178,Xanomeline High Dose,81,77,F,DIZZINESS,DIZZINESS,SEVERE,N,POSSIBLE,Y,2014-03-24,2014-03-26,3,RECOVERED/RESOLVED
01-708-1178,Xanomeline High Dose,81,77,F,ATRIAL FIBRILLATION,ATRIAL FIBRILLATION,SEVERE,N,POSSIBLE,Y,2014-03-24,2014-03-26,3,RECOVERED/RESOLVED
01-708-1178,Xanomeline High Dose,81,77,F,CYSTITIS,CYSTITIS,MILD,N,REMOTE,Y,2014-03-24,2014-03-28,5,RECOVERED/RESOLVED
01-708-1178,Xanomeline High Dose,81,77,F,ALCOHOL USE,ALCOHOL USE,MILD,N,NONE,Y,2014-03-24,2014-03-24,1,RECOVERED/RESOLVED
01-708-1213,Xanomeline High Dose,81,76,F,ATRIAL FIBRILLATION,ATRIAL FIBRILLATION,MILD,N,POSSIBLE,Y,2013-02-22,2013-02-22,1,NOT RECOVERED/NOT RESOLVED
01-708-1213,Xanomeline High Dose,81,76,F,ATRIAL FIBRILLATION,ATRIAL FIBRILLATION,MILD,N,POSSIBLE,Y,2013-02-22,2013-02-22,1,RECOVERED/RESOLVED
01-708-1216,Xanomeline High Dose,81,78,M,APPLICATION SITE PRURITUS,APPLICATION SITE PRURITUS,MILD,N,PROBABLE,Y,2012-11-06,NA,NA,NOT RECOVERED/NOT RESOLVED
01-708-1216,Xanomeline High Dose,81,78,M,APPLICATION SITE ERYTHEMA,APPLICATION SITE ERYTHEMA,MILD,N,PROBABLE,Y,2012-11-06,2012-12-13,38,NOT RECOVERED/NOT RESOLVED
01-708-1216,Xanomeline High Dose,81,78,M,APPLICATION SITE SWELLING,APPLICATION SITE SWELLING,MILD,N,PROBABLE,Y,2012-11-22,NA,NA,NOT RECOVERED/NOT RESOLVED
01-708-1216,Xanomeline High Dose,81,78,M,APPLICATION SITE ERYTHEMA,APPLICATION SITE ERYTHEMA,MILD,N,PROBABLE,Y,2012-11-06,2012-12-13,38,RECOVERED/RESOLVED
01-708-1253,Placebo,0,61,M,COUGH,COUGH,MILD,N,NONE,N,2013-05-06,2013-05-16,11,NOT RECOVERED/NOT RESOLVED
01-708-1253,Placebo,0,61,M,CONJUNCTIVITIS,CONJUNCTIVITIS,MILD,N,NONE,N,2013-05-06,2013-05-16,11,NOT RECOVERED/NOT RESOLVED
01-708-1253,Placebo,0,61,M,HEART RATE INCREASED,HEART RATE INCREASED,MILD,N,POSSIBLE,Y,2013-05-07,2013-05-10,4,NOT RECOVERED/NOT RESOLVED
01-708-1253,Placebo,0,61,M,COUGH,COUGH,MILD,N,NONE,N,2013-05-06,2013-05-16,11,RECOVERED/RESOLVED
01-708-1253,Placebo,0,61,M,CONJUNCTIVITIS,CONJUNCTIVITIS,MILD,N,NONE,N,2013-05-06,2013-05-16,11,RECOVERED/RESOLVED
01-708-1253,Placebo,0,61,M,HEART RATE INCREASED,HEART RATE INCREASED,MILD,N,POSSIBLE,Y,2013-05-07,2013-05-10,4,RECOVERED/RESOLVED
01-708-1253,Placebo,0,61,M,DIZZINESS,DIZZINESS,MILD,N,POSSIBLE,Y,2013-06-07,2013-06-07,1,NOT RECOVERED/NOT RESOLVED
01-708-1253,Placebo,0,61,M,DIZZINESS,DIZZINESS,MILD,N,POSSIBLE,Y,2013-06-07,2013-06-07,1,RECOVERED/RESOLVED
01-708-1272,Xanomeline Low Dose,54,82,M,DIARRHOEA,DIARRHOEA,MILD,N,NONE,Y,2013-02-11,2013-02-11,1,RECOVERED/RESOLVED
01-708-1272,Xanomeline Low Dose,54,82,M,MUSCLE SPASMS,MUSCLE SPASMS,SEVERE,N,NONE,Y,2013-02-18,2013-02-18,1,RECOVERED/RESOLVED
01-708-1272,Xanomeline Low Dose,54,82,M,VENTRICULAR EXTRASYSTOLES,VENTRICULAR EXTRASYSTOLES,MILD,N,REMOTE,Y,2013-02-21,2013-03-20,28,NOT RECOVERED/NOT RESOLVED
01-708-1272,Xanomeline Low Dose,54,82,M,APPLICATION SITE DERMATITIS,APPLICATION SITE DERMATITIS,MILD,N,PROBABLE,Y,2013-02-27,2013-02-27,1,RECOVERED/RESOLVED
01-708-1272,Xanomeline Low Dose,54,82,M,COUGH,COUGH,MILD,N,NONE,Y,2013-03-01,2013-03-07,7,NOT RECOVERED/NOT RESOLVED
01-708-1272,Xanomeline Low Dose,54,82,M,NASOPHARYNGITIS,NASOPHARYNGITIS,MILD,N,NONE,Y,2013-03-01,2013-03-07,7,NOT RECOVERED/NOT RESOLVED
01-708-1272,Xanomeline Low Dose,54,82,M,HEADACHE,HEADACHE,MILD,N,NONE,Y,2013-03-07,2013-03-07,1,NOT RECOVERED/NOT RESOLVED
01-708-1272,Xanomeline Low Dose,54,82,M,COUGH,COUGH,MILD,N,NONE,Y,2013-03-01,2013-03-07,7,RECOVERED/RESOLVED
01-708-1272,Xanomeline Low Dose,54,82,M,NASOPHARYNGITIS,NASOPHARYNGITIS,MILD,N,NONE,Y,2013-03-01,2013-03-07,7,RECOVERED/RESOLVED
01-708-1272,Xanomeline Low Dose,54,82,M,HEADACHE,HEADACHE,MILD,N,NONE,Y,2013-03-07,2013-03-07,1,RECOVERED/RESOLVED
01-708-1272,Xanomeline Low Dose,54,82,M,HOT FLUSH,HOT FLUSH,MILD,N,NONE,Y,2013-03-19,2013-03-19,1,RECOVERED/RESOLVED
01-708-1272,Xanomeline Low Dose,54,82,M,VENTRICULAR EXTRASYSTOLES,VENTRICULAR EXTRASYSTOLES,MILD,N,REMOTE,Y,2013-02-21,2013-03-20,28,RECOVERED/RESOLVED
01-708-1286,Placebo,0,80,F,APPLICATION SITE PRURITUS,APPLICATION SITE PRURITUS,MILD,N,PROBABLE,Y,2013-09-12,NA,NA,NOT RECOVERED/NOT RESOLVED
01-708-1286,Placebo,0,80,F,MYOCARDIAL INFARCTION,MYOCARDIAL INFARCTION,MILD,N,REMOTE,Y,2013-09-23,NA,NA,NOT RECOVERED/NOT RESOLVED
01-708-1286,Placebo,0,80,F,ABDOMINAL PAIN,ABDOMINAL PAIN,MILD,N,REMOTE,Y,2014-02-18,2014-02-18,1,RECOVERED/RESOLVED
01-708-1286,Placebo,0,80,F,CONSTIPATION,CONSTIPATION,MILD,N,REMOTE,Y,2014-02-18,2014-02-18,1,RECOVERED/RESOLVED
01-708-1296,Placebo,0,57,M,ATRIAL HYPERTROPHY,ATRIAL HYPERTROPHY,MILD,N,REMOTE,Y,2013-06-27,2013-06-27,1,NOT RECOVERED/NOT RESOLVED
01-708-1296,Placebo,0,57,M,ATRIAL HYPERTROPHY,ATRIAL HYPERTROPHY,MILD,N,REMOTE,Y,2013-06-27,2013-06-27,1,RECOVERED/RESOLVED
01-708-1296,Placebo,0,57,M,APPLICATION SITE PRURITUS,APPLICATION SITE PRURITUS,MILD,N,PROBABLE,Y,2013-09-04,2013-09-18,15,NOT RECOVERED/NOT RESOLVED
01-708-1296,Placebo,0,57,M,APPLICATION SITE PRURITUS,APPLICATION SITE PRURITUS,MILD,N,PROBABLE,Y,2013-09-04,2013-09-18,15,RECOVERED/RESOLVED
01-708-1296,Placebo,0,57,M,APPLICATION SITE VESICLES,APPLICATION SITE VESICLES,MILD,N,PROBABLE,Y,2013-10-04,2013-10-30,27,NOT RECOVERED/NOT RESOLVED
01-708-1296,Placebo,0,57,M,APPLICATION SITE VESICLES,APPLICATION SITE VESICLES,MILD,N,PROBABLE,Y,2013-10-04,2013-10-30,27,RECOVERED/RESOLVED
01-708-1296,Placebo,0,57,M,PAIN IN EXTREMITY,PAIN IN EXTREMITY,MILD,N,REMOTE,Y,2013-12-07,2013-12-07,1,RECOVERED/RESOLVED
01-708-1297,Xanomeline Low Dose,54,61,M,APPLICATION SITE PRURITUS,APPLICATION SITE PRURITUS,MILD,N,PROBABLE,Y,2013-04-02,NA,NA,NOT RECOVERED/NOT RESOLVED
01-708-1297,Xanomeline Low Dose,54,61,M,APPLICATION SITE SWELLING,APPLICATION SITE SWELLING,MILD,N,PROBABLE,Y,2013-04-02,NA,NA,NOT RECOVERED/NOT RESOLVED
01-708-1297,Xanomeline Low Dose,54,61,M,SINUS BRADYCARDIA,SINUS BRADYCARDIA,MILD,N,REMOTE,Y,2013-05-08,NA,NA,NOT RECOVERED/NOT RESOLVED
01-708-1316,Placebo,0,74,F,HEADACHE,HEADACHE,MILD,N,POSSIBLE,Y,2014-01-29,NA,NA,NOT RECOVERED/NOT RESOLVED
01-708-1316,Placebo,0,74,F,APPLICATION SITE ERYTHEMA,APPLICATION SITE ERYTHEMA,MILD,N,PROBABLE,Y,2014-02-15,NA,NA,NOT RECOVERED/NOT RESOLVED
01-708-1336,Xanomeline High Dose,81,73,M,DIZZINESS,DIZZINESS,MILD,N,POSSIBLE,Y,2012-12-18,2012-12-18,1,RECOVERED/RESOLVED
01-708-1336,Xanomeline High Dose,81,73,M,APPLICATION SITE PRURITUS,APPLICATION SITE PRURITUS,MILD,N,PROBABLE,Y,2013-01-12,2013-01-12,1,RECOVERED/RESOLVED
01-708-1336,Xanomeline High Dose,81,73,M,DIZZINESS,DIZZINESS,MILD,N,POSSIBLE,Y,2013-02-02,2013-02-02,1,RECOVERED/RESOLVED
01-708-1336,Xanomeline High Dose,81,73,M,APPLICATION SITE PRURITUS,APPLICATION SITE PRURITUS,MILD,N,PROBABLE,Y,2013-04-10,2013-06-05,57,NOT RECOVERED/NOT RESOLVED
01-708-1336,Xanomeline High Dose,81,73,M,APPLICATION SITE ERYTHEMA,APPLICATION SITE ERYTHEMA,MILD,N,PROBABLE,Y,2013-04-10,2013-06-05,57,NOT RECOVERED/NOT RESOLVED
01-708-1336,Xanomeline High Dose,81,73,M,APPLICATION SITE PRURITUS,APPLICATION SITE PRURITUS,MILD,N,PROBABLE,Y,2013-04-10,2013-06-05,57,RECOVERED/RESOLVED
01-708-1336,Xanomeline High Dose,81,73,M,APPLICATION SITE ERYTHEMA,APPLICATION SITE ERYTHEMA,MILD,N,PROBABLE,Y,2013-04-10,2013-06-05,57,RECOVERED/RESOLVED
01-708-1347,Xanomeline High Dose,81,61,F,PRURITUS,PRURITUS,MILD,N,PROBABLE,Y,2013-06-13,2013-06-25,13,NOT RECOVERED/NOT RESOLVED
01-708-1347,Xanomeline High Dose,81,61,F,ERYTHEMA,ERYTHEMA,MODERATE,N,PROBABLE,Y,2013-06-13,2013-06-25,13,NOT RECOVERED/NOT RESOLVED
01-708-1347,Xanomeline High Dose,81,61,F,APPLICATION SITE ERYTHEMA,APPLICATION SITE ERYTHEMA,MODERATE,N,PROBABLE,Y,2013-06-13,2013-06-25,13,NOT RECOVERED/NOT RESOLVED
01-708-1347,Xanomeline High Dose,81,61,F,APPLICATION SITE SWELLING,APPLICATION SITE SWELLING,MODERATE,N,PROBABLE,Y,2013-06-13,2013-06-25,13,NOT RECOVERED/NOT RESOLVED
01-708-1347,Xanomeline High Dose,81,61,F,PRURITUS,PRURITUS,MILD,N,PROBABLE,Y,2013-06-13,2013-06-25,13,RECOVERED/RESOLVED
01-708-1347,Xanomeline High Dose,81,61,F,ERYTHEMA,ERYTHEMA,MODERATE,N,PROBABLE,Y,2013-06-13,2013-06-25,13,RECOVERED/RESOLVED
01-708-1347,Xanomeline High Dose,81,61,F,APPLICATION SITE ERYTHEMA,APPLICATION SITE ERYTHEMA,MODERATE,N,PROBABLE,Y,2013-06-13,2013-06-25,13,RECOVERED/RESOLVED
01-708-1347,Xanomeline High Dose,81,61,F,APPLICATION SITE SWELLING,APPLICATION SITE SWELLING,MODERATE,N,PROBABLE,Y,2013-06-13,2013-06-25,13,RECOVERED/RESOLVED
01-708-1348,Xanomeline Low Dose,54,79,F,MYOCARDIAL INFARCTION,MYOCARDIAL INFARCTION,MILD,N,POSSIBLE,Y,2013-08-18,2013-08-31,14,NOT RECOVERED/NOT RESOLVED
01-708-1348,Xanomeline Low Dose,54,79,F,MYOCARDIAL INFARCTION,MYOCARDIAL INFARCTION,MILD,N,POSSIBLE,Y,2013-08-18,2013-08-31,14,RECOVERED/RESOLVED
01-708-1348,Xanomeline Low Dose,54,79,F,APPLICATION SITE PRURITUS,APPLICATION SITE PRURITUS,MILD,N,PROBABLE,Y,2013-12-01,NA,NA,NOT RECOVERED/NOT RESOLVED
01-708-1353,Xanomeline Low Dose,54,87,F,DIZZINESS,DIZZINESS,MILD,N,REMOTE,Y,2013-08-18,2013-09-10,24,NOT RECOVERED/NOT RESOLVED
01-708-1353,Xanomeline Low Dose,54,87,F,DIZZINESS,DIZZINESS,MILD,N,REMOTE,Y,2013-08-18,2013-09-10,24,RECOVERED/RESOLVED
01-708-1353,Xanomeline Low Dose,54,87,F,HYPOTENSION,HYPOTENSION,MILD,N,POSSIBLE,Y,2013-08-28,2013-09-10,14,RECOVERED/RESOLVED
01-708-1372,Xanomeline High Dose,81,84,M,ATRIOVENTRICULAR BLOCK SECOND DEGREE,ATRIOVENTRICULAR BLOCK SECOND DEGREE,MODERATE,N,NONE,N,2013-04-10,NA,NA,NOT RECOVERED/NOT RESOLVED
01-708-1406,Xanomeline High Dose,81,71,F,OEDEMA PERIPHERAL,OEDEMA PERIPHERAL,MILD,N,NONE,Y,2014-06-16,NA,NA,NOT RECOVERED/NOT RESOLVED
01-708-1406,Xanomeline High Dose,81,71,F,OEDEMA PERIPHERAL,OEDEMA PERIPHERAL,MILD,N,NONE,Y,2014-06-16,NA,NA,NOT RECOVERED/NOT RESOLVED
01-708-1428,Xanomeline Low Dose,54,84,F,EPISTAXIS,EPISTAXIS,MILD,N,REMOTE,Y,2013-11-22,2013-11-22,1,RECOVERED/RESOLVED
01-708-1428,Xanomeline Low Dose,54,84,F,APPLICATION SITE PRURITUS,APPLICATION SITE PRURITUS,MODERATE,N,PROBABLE,Y,2013-12-10,2013-12-21,12,NOT RECOVERED/NOT RESOLVED
01-708-1428,Xanomeline Low Dose,54,84,F,APPLICATION SITE ERYTHEMA,APPLICATION SITE ERYTHEMA,MODERATE,N,PROBABLE,Y,2013-12-10,2013-12-21,12,NOT RECOVERED/NOT RESOLVED
01-708-1428,Xanomeline Low Dose,54,84,F,APPLICATION SITE WARMTH,APPLICATION SITE WARMTH,MODERATE,N,PROBABLE,Y,2013-12-10,2013-12-21,12,NOT RECOVERED/NOT RESOLVED
01-708-1428,Xanomeline Low Dose,54,84,F,APPLICATION SITE PRURITUS,APPLICATION SITE PRURITUS,SEVERE,N,PROBABLE,Y,2013-12-10,2013-12-21,12,RECOVERED/RESOLVED
01-708-1428,Xanomeline Low Dose,54,84,F,APPLICATION SITE ERYTHEMA,APPLICATION SITE ERYTHEMA,SEVERE,N,PROBABLE,Y,2013-12-10,2013-12-21,12,RECOVERED/RESOLVED
01-708-1428,Xanomeline Low Dose,54,84,F,APPLICATION SITE WARMTH,APPLICATION SITE WARMTH,SEVERE,N,PROBABLE,Y,2013-12-10,2013-12-21,12,RECOVERED/RESOLVED
01-709-1007,Xanomeline Low Dose,54,54,F,APPLICATION SITE DERMATITIS,APPLICATION SITE DERMATITIS,MILD,N,PROBABLE,Y,2012-08-16,2012-08-19,4,NOT RECOVERED/NOT RESOLVED
01-709-1007,Xanomeline Low Dose,54,54,F,APPLICATION SITE DERMATITIS,APPLICATION SITE DERMATITIS,MILD,N,PROBABLE,Y,2012-08-16,2012-08-19,4,RECOVERED/RESOLVED
01-709-1007,Xanomeline Low Dose,54,54,F,APPLICATION SITE DERMATITIS,APPLICATION SITE DERMATITIS,SEVERE,N,PROBABLE,Y,2012-08-21,NA,NA,NOT RECOVERED/NOT RESOLVED
01-709-1007,Xanomeline Low Dose,54,54,F,DIARRHOEA,DIARRHOEA,MILD,N,POSSIBLE,Y,2012-08-30,2012-08-30,1,RECOVERED/RESOLVED
01-709-1020,Xanomeline Low Dose,54,72,F,APPLICATION SITE DERMATITIS,APPLICATION SITE DERMATITIS,MILD,N,PROBABLE,Y,2012-12-27,NA,NA,NOT RECOVERED/NOT RESOLVED
01-709-1020,Xanomeline Low Dose,54,72,F,DIARRHOEA,DIARRHOEA,MILD,N,POSSIBLE,Y,2013-01-03,2013-01-11,9,RECOVERED/RESOLVED
01-709-1020,Xanomeline Low Dose,54,72,F,ABDOMINAL PAIN,ABDOMINAL PAIN,MILD,N,POSSIBLE,Y,2013-01-03,2013-01-11,9,RECOVERED/RESOLVED
01-709-1020,Xanomeline Low Dose,54,72,F,APPLICATION SITE PRURITUS,APPLICATION SITE PRURITUS,MILD,N,PROBABLE,Y,2013-01-15,NA,NA,NOT RECOVERED/NOT RESOLVED
01-709-1029,Xanomeline High Dose,81,82,M,MYOCARDIAL INFARCTION,MYOCARDIAL INFARCTION,MILD,N,NONE,Y,2013-01-09,2013-02-19,42,NOT RECOVERED/NOT RESOLVED
01-709-1029,Xanomeline High Dose,81,82,M,APPLICATION SITE ERYTHEMA,APPLICATION SITE ERYTHEMA,MILD,N,PROBABLE,Y,2013-01-17,NA,NA,NOT RECOVERED/NOT RESOLVED
01-709-1029,Xanomeline High Dose,81,82,M,MUSCLE SPASMS,MUSCLE SPASMS,MILD,N,REMOTE,Y,2013-01-24,2013-02-27,35,NOT RECOVERED/NOT RESOLVED
01-709-1029,Xanomeline High Dose,81,82,M,MYOCARDIAL INFARCTION,MYOCARDIAL INFARCTION,MILD,N,NONE,Y,2013-01-09,2013-02-19,42,RECOVERED/RESOLVED
01-709-1029,Xanomeline High Dose,81,82,M,MUSCLE SPASMS,MUSCLE SPASMS,MILD,N,REMOTE,Y,2013-01-24,2013-02-27,35,RECOVERED/RESOLVED
01-709-1029,Xanomeline High Dose,81,82,M,MYOCARDIAL INFARCTION,MYOCARDIAL INFARCTION,MILD,N,NONE,Y,2013-03-20,2013-04-16,28,NOT RECOVERED/NOT RESOLVED
01-709-1029,Xanomeline High Dose,81,82,M,SINUS BRADYCARDIA,SINUS BRADYCARDIA,MILD,N,REMOTE,Y,2013-03-20,2013-04-16,28,NOT RECOVERED/NOT RESOLVED
01-709-1029,Xanomeline High Dose,81,82,M,MYOCARDIAL INFARCTION,MYOCARDIAL INFARCTION,MILD,N,NONE,Y,2013-03-20,2013-04-16,28,RECOVERED/RESOLVED
01-709-1029,Xanomeline High Dose,81,82,M,SINUS BRADYCARDIA,SINUS BRADYCARDIA,MILD,N,REMOTE,Y,2013-03-20,2013-04-16,28,RECOVERED/RESOLVED
01-709-1029,Xanomeline High Dose,81,82,M,COUGH,COUGH,MILD,N,NONE,Y,2013-05-12,2013-05-19,8,NOT RECOVERED/NOT RESOLVED
01-709-1029,Xanomeline High Dose,81,82,M,PHARYNGEAL ERYTHEMA,PHARYNGEAL ERYTHEMA,MILD,N,NONE,Y,2013-05-12,2013-05-19,8,NOT RECOVERED/NOT RESOLVED
01-709-1029,Xanomeline High Dose,81,82,M,MYOCARDIAL INFARCTION,MYOCARDIAL INFARCTION,MILD,N,REMOTE,Y,2013-05-15,NA,NA,NOT RECOVERED/NOT RESOLVED
01-709-1029,Xanomeline High Dose,81,82,M,COUGH,COUGH,MILD,N,NONE,Y,2013-05-12,2013-05-19,8,RECOVERED/RESOLVED
01-709-1029,Xanomeline High Dose,81,82,M,PHARYNGEAL ERYTHEMA,PHARYNGEAL ERYTHEMA,MILD,N,NONE,Y,2013-05-12,2013-05-19,8,RECOVERED/RESOLVED
01-709-1029,Xanomeline High Dose,81,82,M,SINUS BRADYCARDIA,SINUS BRADYCARDIA,MILD,N,REMOTE,Y,2013-06-12,NA,NA,NOT RECOVERED/NOT RESOLVED
01-709-1029,Xanomeline High Dose,81,82,M,PRURITUS,PRURITUS,MILD,N,PROBABLE,Y,2013-06-19,NA,NA,NOT RECOVERED/NOT RESOLVED
01-709-1081,Xanomeline Low Dose,54,86,F,RASH,RASH,MODERATE,N,PROBABLE,Y,2014-04-07,NA,NA,NOT RECOVERED/NOT RESOLVED
01-709-1081,Xanomeline Low Dose,54,86,F,OEDEMA PERIPHERAL,OEDEMA PERIPHERAL,MODERATE,N,REMOTE,Y,2014-05-01,NA,NA,NOT RECOVERED/NOT RESOLVED
01-709-1088,Placebo,0,69,M,APPLICATION SITE DERMATITIS,APPLICATION SITE DERMATITIS,MILD,N,PROBABLE,Y,2014-05-08,NA,NA,NOT RECOVERED/NOT RESOLVED
01-709-1088,Placebo,0,69,M,RASH,RASH,MILD,N,NONE,Y,2014-08-02,NA,NA,NOT RECOVERED/NOT RESOLVED
01-709-1099,Xanomeline High Dose,81,79,F,NASOPHARYNGITIS,NASOPHARYNGITIS,MILD,N,NONE,Y,2013-11-06,2013-11-17,12,NOT RECOVERED/NOT RESOLVED
01-709-1099,Xanomeline High Dose,81,79,F,APPLICATION SITE DERMATITIS,APPLICATION SITE DERMATITIS,MILD,N,PROBABLE,Y,2013-11-12,NA,NA,NOT RECOVERED/NOT RESOLVED
01-709-1099,Xanomeline High Dose,81,79,F,APPLICATION SITE VESICLES,APPLICATION SITE VESICLES,MILD,N,PROBABLE,Y,2013-11-12,NA,NA,NOT RECOVERED/NOT RESOLVED
01-709-1099,Xanomeline High Dose,81,79,F,APPLICATION SITE PRURITUS,APPLICATION SITE PRURITUS,MILD,N,PROBABLE,Y,2013-11-12,NA,NA,NOT RECOVERED/NOT RESOLVED
01-709-1099,Xanomeline High Dose,81,79,F,NASOPHARYNGITIS,NASOPHARYNGITIS,MILD,N,NONE,Y,2013-11-06,2013-11-17,12,RECOVERED/RESOLVED
01-709-1099,Xanomeline High Dose,81,79,F,APPLICATION SITE DERMATITIS,APPLICATION SITE DERMATITIS,MODERATE,N,PROBABLE,Y,2013-11-12,NA,NA,NOT RECOVERED/NOT RESOLVED
01-709-1099,Xanomeline High Dose,81,79,F,APPLICATION SITE PRURITUS,APPLICATION SITE PRURITUS,MODERATE,N,PROBABLE,Y,2013-11-12,NA,NA,NOT RECOVERED/NOT RESOLVED
01-709-1099,Xanomeline High Dose,81,79,F,ACROCHORDON EXCISION,ACROCHORDON EXCISION,MILD,N,NONE,Y,2014-03-23,2014-03-23,1,RECOVERED/RESOLVED
01-709-1102,Xanomeline Low Dose,54,71,F,APPLICATION SITE DERMATITIS,APPLICATION SITE DERMATITIS,MILD,N,PROBABLE,Y,2013-02-11,NA,NA,NOT RECOVERED/NOT RESOLVED
01-709-1102,Xanomeline Low Dose,54,71,F,APPLICATION SITE PRURITUS,APPLICATION SITE PRURITUS,MILD,N,PROBABLE,Y,2013-02-11,NA,NA,NOT RECOVERED/NOT RESOLVED
01-709-1102,Xanomeline Low Dose,54,71,F,APPLICATION SITE DERMATITIS,APPLICATION SITE DERMATITIS,MODERATE,N,PROBABLE,Y,2013-02-11,NA,NA,NOT RECOVERED/NOT RESOLVED
01-709-1102,Xanomeline Low Dose,54,71,F,APPLICATION SITE PRURITUS,APPLICATION SITE PRURITUS,MODERATE,N,PROBABLE,Y,2013-02-11,NA,NA,NOT RECOVERED/NOT RESOLVED
01-709-1102,Xanomeline Low Dose,54,71,F,DIZZINESS,DIZZINESS,MILD,N,POSSIBLE,Y,2013-03-20,2013-03-26,7,RECOVERED/RESOLVED
01-709-1102,Xanomeline Low Dose,54,71,F,APPLICATION SITE VESICLES,APPLICATION SITE VESICLES,MILD,N,PROBABLE,Y,2013-03-26,2013-03-27,2,RECOVERED/RESOLVED
01-709-1168,Xanomeline High Dose,81,72,F,SKIN IRRITATION,SKIN IRRITATION,MILD,N,PROBABLE,Y,2013-08-17,2013-09-06,21,NOT RECOVERED/NOT RESOLVED
01-709-1168,Xanomeline High Dose,81,72,F,SKIN IRRITATION,SKIN IRRITATION,MILD,N,PROBABLE,Y,2013-08-17,2013-09-06,21,RECOVERED/RESOLVED
01-709-1168,Xanomeline High Dose,81,72,F,PRURITUS,PRURITUS,MODERATE,N,PROBABLE,Y,2013-09-06,2013-10-11,36,NOT RECOVERED/NOT RESOLVED
01-709-1168,Xanomeline High Dose,81,72,F,RASH,RASH,MODERATE,N,PROBABLE,Y,2013-09-06,2013-10-11,36,NOT RECOVERED/NOT RESOLVED
01-709-1168,Xanomeline High Dose,81,72,F,PRURITUS,PRURITUS,MODERATE,N,PROBABLE,Y,2013-09-06,2013-10-11,36,RECOVERED/RESOLVED
01-709-1168,Xanomeline High Dose,81,72,F,RASH,RASH,MODERATE,N,PROBABLE,Y,2013-09-06,2013-10-11,36,RECOVERED/RESOLVED
01-709-1217,Xanomeline Low Dose,54,77,M,DIZZINESS,DIZZINESS,MODERATE,N,POSSIBLE,Y,2013-03-06,2013-03-06,1,RECOVERED/RESOLVED
01-709-1217,Xanomeline Low Dose,54,77,M,COUGH,COUGH,MILD,N,NONE,Y,2013-03-20,NA,NA,NOT RECOVERED/NOT RESOLVED
01-709-1217,Xanomeline Low Dose,54,77,M,APPLICATION SITE DERMATITIS,APPLICATION SITE DERMATITIS,MILD,N,PROBABLE,Y,2013-03-26,2013-06-18,85,NOT RECOVERED/NOT RESOLVED
01-709-1217,Xanomeline Low Dose,54,77,M,DIZZINESS,DIZZINESS,MILD,N,POSSIBLE,Y,2013-03-27,2013-03-27,1,RECOVERED/RESOLVED
01-709-1217,Xanomeline Low Dose,54,77,M,ELECTROCARDIOGRAM T WAVE INVERSION,ELECTROCARDIOGRAM T WAVE INVERSION,MILD,N,NONE,Y,2013-03-30,NA,NA,NOT RECOVERED/NOT RESOLVED
01-709-1217,Xanomeline Low Dose,54,77,M,DIZZINESS,DIZZINESS,MILD,N,POSSIBLE,Y,2013-04-01,2013-04-11,11,NOT RECOVERED/NOT RESOLVED
01-709-1217,Xanomeline Low Dose,54,77,M,DIZZINESS,DIZZINESS,MILD,N,POSSIBLE,Y,2013-04-01,2013-04-11,11,RECOVERED/RESOLVED
01-709-1217,Xanomeline Low Dose,54,77,M,APPLICATION SITE DERMATITIS,APPLICATION SITE DERMATITIS,MODERATE,N,PROBABLE,Y,2013-03-26,2013-06-18,85,NOT RECOVERED/NOT RESOLVED
01-709-1217,Xanomeline Low Dose,54,77,M,HEADACHE,HEADACHE,MILD,N,REMOTE,Y,2013-05-17,2013-05-18,2,RECOVERED/RESOLVED
01-709-1217,Xanomeline Low Dose,54,77,M,APPLICATION SITE DERMATITIS,APPLICATION SITE DERMATITIS,MODERATE,N,PROBABLE,Y,2013-03-26,2013-06-18,85,RECOVERED/RESOLVED
01-709-1217,Xanomeline Low Dose,54,77,M,PRURITUS,PRURITUS,MODERATE,N,PROBABLE,Y,2013-05-27,2013-06-18,23,RECOVERED/RESOLVED
01-709-1238,Xanomeline High Dose,81,69,M,DIARRHOEA,DIARRHOEA,MODERATE,N,NONE,Y,2013-05-28,2013-05-28,1,RECOVERED/RESOLVED
01-709-1238,Xanomeline High Dose,81,69,M,APPLICATION SITE DERMATITIS,APPLICATION SITE DERMATITIS,MODERATE,N,PROBABLE,Y,2013-05-30,NA,NA,NOT RECOVERED/NOT RESOLVED
01-709-1238,Xanomeline High Dose,81,69,M,APPLICATION SITE PRURITUS,APPLICATION SITE PRURITUS,MODERATE,N,PROBABLE,Y,2013-05-30,NA,NA,NOT RECOVERED/NOT RESOLVED
01-709-1238,Xanomeline High Dose,81,69,M,APPLICATION SITE DISCHARGE,APPLICATION SITE DISCHARGE,MODERATE,N,PROBABLE,Y,2013-05-30,NA,NA,NOT RECOVERED/NOT RESOLVED
01-709-1238,Xanomeline High Dose,81,69,M,HIP FRACTURE,HIP FRACTURE,MODERATE,N,NONE,Y,2013-05-31,2013-05-31,1,RECOVERED/RESOLVED
01-709-1238,Xanomeline High Dose,81,69,M,COUGH,COUGH,MODERATE,N,NONE,Y,2013-06-09,NA,NA,NOT RECOVERED/NOT RESOLVED
01-709-1238,Xanomeline High Dose,81,69,M,UPPER RESPIRATORY TRACT INFECTION,UPPER RESPIRATORY TRACT INFECTION,MODERATE,N,NONE,Y,2013-06-09,NA,NA,NOT RECOVERED/NOT RESOLVED
01-709-1238,Xanomeline High Dose,81,69,M,SKIN LESION EXCISION,SKIN LESION EXCISION,MILD,N,NONE,Y,2013-06-28,2013-06-28,1,RECOVERED/RESOLVED
01-709-1259,Placebo,0,82,M,LOCALISED INFECTION,LOCALISED INFECTION,MILD,N,NONE,Y,2013-02-05,2013-02-13,9,NOT RECOVERED/NOT RESOLVED
01-709-1259,Placebo,0,82,M,LOCALISED INFECTION,LOCALISED INFECTION,MILD,N,NONE,Y,2013-02-05,2013-02-13,9,RECOVERED/RESOLVED
01-709-1259,Placebo,0,82,M,BLOOD URINE PRESENT,BLOOD URINE PRESENT,MILD,N,NONE,Y,2013-03-14,NA,NA,NOT RECOVERED/NOT RESOLVED
01-709-1259,Placebo,0,82,M,CYSTOSCOPY,CYSTOSCOPY,MILD,N,NONE,Y,2013-03-17,2013-03-17,1,RECOVERED/RESOLVED
01-709-1259,Placebo,0,82,M,BENIGN PROSTATIC HYPERPLASIA,BENIGN PROSTATIC HYPERPLASIA,MILD,N,NONE,Y,2013-03-17,2013-03-30,14,NOT RECOVERED/NOT RESOLVED
01-709-1259,Placebo,0,82,M,BENIGN PROSTATIC HYPERPLASIA,BENIGN PROSTATIC HYPERPLASIA,SEVERE,N,NONE,Y,2013-03-17,2013-03-30,14,RECOVERED/RESOLVED
01-709-1259,Placebo,0,82,M,PYREXIA,PYREXIA,MILD,N,NONE,Y,2013-04-13,2013-04-14,2,RECOVERED/RESOLVED
01-709-1259,Placebo,0,82,M,DEHYDRATION,DEHYDRATION,MILD,N,NONE,Y,2013-04-13,2013-04-14,2,RECOVERED/RESOLVED
01-709-1259,Placebo,0,82,M,HYPOTENSION,HYPOTENSION,MILD,N,POSSIBLE,Y,2013-04-13,2013-04-14,2,RECOVERED/RESOLVED
01-709-1259,Placebo,0,82,M,ORTHOSTATIC HYPOTENSION,ORTHOSTATIC HYPOTENSION,MILD,N,POSSIBLE,Y,2013-04-20,2013-06-13,55,NOT RECOVERED/NOT RESOLVED
01-709-1259,Placebo,0,82,M,ORTHOSTATIC HYPOTENSION,ORTHOSTATIC HYPOTENSION,MILD,N,POSSIBLE,Y,2013-04-20,2013-06-13,55,RECOVERED/RESOLVED
01-709-1285,Xanomeline Low Dose,54,87,M,HEMIANOPIA HOMONYMOUS,HEMIANOPIA HOMONYMOUS,MILD,N,NONE,Y,2013-04-14,NA,NA,NOT RECOVERED/NOT RESOLVED
01-709-1285,Xanomeline Low Dose,54,87,M,APPLICATION SITE DERMATITIS,APPLICATION SITE DERMATITIS,MILD,N,PROBABLE,Y,2013-04-19,2013-05-31,43,NOT RECOVERED/NOT RESOLVED
01-709-1285,Xanomeline Low Dose,54,87,M,APPLICATION SITE PRURITUS,APPLICATION SITE PRURITUS,MILD,N,PROBABLE,Y,2013-04-19,2013-05-31,43,NOT RECOVERED/NOT RESOLVED
01-709-1285,Xanomeline Low Dose,54,87,M,SINUS BRADYCARDIA,SINUS BRADYCARDIA,MILD,N,POSSIBLE,Y,2013-05-19,NA,NA,NOT RECOVERED/NOT RESOLVED
01-709-1285,Xanomeline Low Dose,54,87,M,APPLICATION SITE DERMATITIS,APPLICATION SITE DERMATITIS,MILD,N,PROBABLE,Y,2013-04-19,2013-05-31,43,RECOVERED/RESOLVED
01-709-1285,Xanomeline Low Dose,54,87,M,APPLICATION SITE PRURITUS,APPLICATION SITE PRURITUS,MILD,N,PROBABLE,Y,2013-04-19,2013-05-31,43,RECOVERED/RESOLVED
01-709-1301,Placebo,0,62,F,DIABETES MELLITUS,DIABETES MELLITUS,MILD,N,NONE,Y,2013-08-30,NA,NA,NOT RECOVERED/NOT RESOLVED
01-709-1306,Placebo,0,60,F,RASH,RASH,MILD,N,PROBABLE,Y,2014-04-20,2014-06-23,65,NOT RECOVERED/NOT RESOLVED
01-709-1306,Placebo,0,60,F,APPLICATION SITE PRURITUS,APPLICATION SITE PRURITUS,MILD,N,PROBABLE,Y,2014-04-20,2014-06-23,65,NOT RECOVERED/NOT RESOLVED
01-709-1306,Placebo,0,60,F,RASH,RASH,MODERATE,N,PROBABLE,Y,2014-04-20,2014-06-23,65,NOT RECOVERED/NOT RESOLVED
01-709-1306,Placebo,0,60,F,APPLICATION SITE PRURITUS,APPLICATION SITE PRURITUS,MODERATE,N,PROBABLE,Y,2014-04-20,2014-06-23,65,NOT RECOVERED/NOT RESOLVED
01-709-1306,Placebo,0,60,F,APPLICATION SITE IRRITATION,APPLICATION SITE IRRITATION,MODERATE,N,PROBABLE,Y,2014-05-04,2014-06-23,51,NOT RECOVERED/NOT RESOLVED
01-709-1306,Placebo,0,60,F,DRUG ERUPTION,DRUG ERUPTION,MILD,N,NONE,Y,2014-05-20,2014-05-23,4,RECOVERED/RESOLVED
01-709-1306,Placebo,0,60,F,RASH,RASH,MODERATE,N,PROBABLE,Y,2014-04-20,2014-06-23,65,RECOVERED/RESOLVED
01-709-1306,Placebo,0,60,F,APPLICATION SITE PRURITUS,APPLICATION SITE PRURITUS,MODERATE,N,PROBABLE,Y,2014-04-20,2014-06-23,65,RECOVERED/RESOLVED
01-709-1306,Placebo,0,60,F,APPLICATION SITE IRRITATION,APPLICATION SITE IRRITATION,MODERATE,N,PROBABLE,Y,2014-05-04,2014-06-23,51,RECOVERED/RESOLVED
01-709-1309,Xanomeline High Dose,81,65,M,RASH MACULO-PAPULAR,RASH MACULO-PAPULAR,MILD,N,POSSIBLE,N,2013-06-10,2013-07-01,22,NOT RECOVERED/NOT RESOLVED
01-709-1309,Xanomeline High Dose,81,65,M,RASH PAPULAR,RASH PAPULAR,MILD,N,POSSIBLE,N,2013-06-18,2013-07-16,29,NOT RECOVERED/NOT RESOLVED
01-709-1309,Xanomeline High Dose,81,65,M,VOMITING,VOMITING,MILD,N,POSSIBLE,Y,2013-06-19,2013-06-19,1,NOT RECOVERED/NOT RESOLVED
01-709-1309,Xanomeline High Dose,81,65,M,VOMITING,VOMITING,MILD,N,POSSIBLE,Y,2013-06-19,2013-06-19,1,RECOVERED/RESOLVED
01-709-1309,Xanomeline High Dose,81,65,M,NASAL CONGESTION,NASAL CONGESTION,MILD,N,REMOTE,Y,2013-06-19,2013-06-20,2,RECOVERED/RESOLVED
01-709-1309,Xanomeline High Dose,81,65,M,NIGHTMARE,NIGHTMARE,MILD,N,REMOTE,Y,2013-06-19,2013-06-20,2,RECOVERED/RESOLVED
01-709-1309,Xanomeline High Dose,81,65,M,RASH MACULO-PAPULAR,RASH MACULO-PAPULAR,MILD,N,PROBABLE,Y,2013-06-20,NA,NA,NOT RECOVERED/NOT RESOLVED
01-709-1309,Xanomeline High Dose,81,65,M,BIOPSY,BIOPSY,MILD,N,NONE,Y,2013-06-26,2013-06-26,1,RECOVERED/RESOLVED
01-709-1309,Xanomeline High Dose,81,65,M,DIZZINESS,DIZZINESS,MILD,N,NONE,Y,2013-07-01,2013-07-01,1,NOT RECOVERED/NOT RESOLVED
01-709-1309,Xanomeline High Dose,81,65,M,RASH MACULO-PAPULAR,RASH MACULO-PAPULAR,MILD,N,POSSIBLE,N,2013-06-10,2013-07-01,22,RECOVERED/RESOLVED
01-709-1309,Xanomeline High Dose,81,65,M,DIZZINESS,DIZZINESS,MILD,N,NONE,Y,2013-07-01,2013-07-01,1,RECOVERED/RESOLVED
01-709-1309,Xanomeline High Dose,81,65,M,ALLERGIC GRANULOMATOUS ANGIITIS,ALLERGIC GRANULOMATOUS ANGIITIS,MILD,N,NONE,Y,2013-07-04,2013-07-04,1,RECOVERED/RESOLVED
01-709-1309,Xanomeline High Dose,81,65,M,RASH PAPULAR,RASH PAPULAR,MILD,N,POSSIBLE,N,2013-06-18,2013-07-16,29,RECOVERED/RESOLVED
01-709-1309,Xanomeline High Dose,81,65,M,APPLICATION SITE PRURITUS,APPLICATION SITE PRURITUS,MILD,N,PROBABLE,Y,2013-07-28,NA,NA,NOT RECOVERED/NOT RESOLVED
01-709-1309,Xanomeline High Dose,81,65,M,FEELING COLD,FEELING COLD,MILD,N,NONE,Y,2013-09-06,NA,NA,NOT RECOVERED/NOT RESOLVED
01-709-1312,Placebo,0,68,F,APPLICATION SITE DERMATITIS,APPLICATION SITE DERMATITIS,MILD,N,PROBABLE,Y,2014-05-17,NA,NA,NOT RECOVERED/NOT RESOLVED
01-709-1312,Placebo,0,68,F,ELECTROCARDIOGRAM ST SEGMENT DEPRESSION,ELECTROCARDIOGRAM ST SEGMENT DEPRESSION,MILD,N,REMOTE,Y,2014-10-19,NA,NA,NOT RECOVERED/NOT RESOLVED
01-709-1326,Xanomeline Low Dose,54,75,F,APPLICATION SITE DERMATITIS,APPLICATION SITE DERMATITIS,MILD,N,PROBABLE,Y,2013-05-01,NA,NA,NOT RECOVERED/NOT RESOLVED
01-709-1326,Xanomeline Low Dose,54,75,F,APPLICATION SITE PRURITUS,APPLICATION SITE PRURITUS,MILD,N,PROBABLE,Y,2013-05-01,NA,NA,NOT RECOVERED/NOT RESOLVED
01-709-1326,Xanomeline Low Dose,54,75,F,VOMITING,VOMITING,MILD,N,POSSIBLE,Y,2013-05-21,2013-05-21,1,RECOVERED/RESOLVED
01-709-1326,Xanomeline Low Dose,54,75,F,SYNCOPE,SYNCOPE,MILD,N,POSSIBLE,Y,2013-05-21,2013-05-21,1,RECOVERED/RESOLVED
01-709-1326,Xanomeline Low Dose,54,75,F,APPLICATION SITE BLEEDING,APPLICATION SITE BLEEDING,MODERATE,N,PROBABLE,Y,2013-06-07,2013-06-17,11,RECOVERED/RESOLVED
01-709-1326,Xanomeline Low Dose,54,75,F,COUGH,COUGH,MILD,N,NONE,Y,2013-07-12,NA,NA,NOT RECOVERED/NOT RESOLVED
01-709-1329,Xanomeline High Dose,81,70,M,DIZZINESS,DIZZINESS,MILD,N,POSSIBLE,Y,2013-08-25,2013-08-25,1,RECOVERED/RESOLVED
01-709-1329,Xanomeline High Dose,81,70,M,PYREXIA,PYREXIA,MILD,N,REMOTE,Y,2013-08-25,2013-08-25,1,RECOVERED/RESOLVED
01-709-1339,Placebo,0,81,M,HEADACHE,HEADACHE,MODERATE,N,NONE,N,2011-11-01,NA,NA,NOT RECOVERED/NOT RESOLVED
01-709-1339,Placebo,0,81,M,BLOOD ALKALINE PHOSPHATASE INCREASED,BLOOD ALKALINE PHOSPHATASE INCREASED,MODERATE,N,NONE,Y,2013-05-12,NA,NA,NOT RECOVERED/NOT RESOLVED
01-709-1424,Xanomeline High Dose,81,77,M,SYNCOPE,SYNCOPE,MODERATE,Y,POSSIBLE,Y,2013-03-07,2013-03-07,1,RECOVERED/RESOLVED
01-710-1002,Xanomeline Low Dose,54,88,M,TRANSIENT ISCHAEMIC ATTACK,TRANSIENT ISCHAEMIC ATTACK,MILD,N,REMOTE,Y,2014-01-16,2014-01-20,5,NOT RECOVERED/NOT RESOLVED
01-710-1002,Xanomeline Low Dose,54,88,M,TRANSIENT ISCHAEMIC ATTACK,TRANSIENT ISCHAEMIC ATTACK,MILD,N,REMOTE,Y,2014-01-16,2014-01-20,5,RECOVERED/RESOLVED
01-710-1006,Xanomeline High Dose,81,77,M,DIZZINESS,DIZZINESS,MILD,N,NONE,Y,2013-02-18,2013-02-19,2,RECOVERED/RESOLVED
01-710-1006,Xanomeline High Dose,81,77,M,SALIVARY HYPERSECRETION,SALIVARY HYPERSECRETION,MILD,N,POSSIBLE,Y,2013-03-01,NA,NA,NOT RECOVERED/NOT RESOLVED
01-710-1006,Xanomeline High Dose,81,77,M,SKIN IRRITATION,SKIN IRRITATION,MILD,N,POSSIBLE,Y,2013-03-01,NA,NA,NOT RECOVERED/NOT RESOLVED
01-710-1006,Xanomeline High Dose,81,77,M,DIZZINESS,DIZZINESS,MILD,N,NONE,Y,2013-04-16,2013-04-16,1,RECOVERED/RESOLVED
01-710-1006,Xanomeline High Dose,81,77,M,URINARY TRACT INFECTION,URINARY TRACT INFECTION,MILD,N,NONE,Y,2013-04-17,2013-04-19,3,RECOVERED/RESOLVED
01-710-1006,Xanomeline High Dose,81,77,M,NEPHROLITHIASIS,NEPHROLITHIASIS,MODERATE,N,NONE,Y,2013-04-17,2013-04-17,1,RECOVERED/RESOLVED
01-710-1006,Xanomeline High Dose,81,77,M,PRURITUS,PRURITUS,MODERATE,N,POSSIBLE,Y,2013-05-18,NA,NA,NOT RECOVERED/NOT RESOLVED
01-710-1006,Xanomeline High Dose,81,77,M,SINUS BRADYCARDIA,SINUS BRADYCARDIA,MODERATE,N,REMOTE,Y,2013-06-29,2013-07-04,6,NOT RECOVERED/NOT RESOLVED
01-710-1006,Xanomeline High Dose,81,77,M,SINUS BRADYCARDIA,SINUS BRADYCARDIA,MODERATE,N,REMOTE,Y,2013-06-29,2013-07-04,6,RECOVERED/RESOLVED
01-710-1006,Xanomeline High Dose,81,77,M,FALL,FALL,MILD,N,NONE,Y,2013-08-08,2013-08-08,1,RECOVERED/RESOLVED
01-710-1006,Xanomeline High Dose,81,77,M,FACIAL BONES FRACTURE,FACIAL BONES FRACTURE,MODERATE,N,NONE,Y,2013-08-08,NA,NA,NOT RECOVERED/NOT RESOLVED
01-710-1006,Xanomeline High Dose,81,77,M,CONTUSION,CONTUSION,MILD,N,NONE,Y,2013-08-08,NA,NA,NOT RECOVERED/NOT RESOLVED
01-710-1021,Xanomeline High Dose,81,79,M,CHEST PAIN,CHEST PAIN,MILD,N,REMOTE,Y,2013-10-10,2013-10-10,1,RECOVERED/RESOLVED
01-710-1021,Xanomeline High Dose,81,79,M,PRURITUS,PRURITUS,MODERATE,N,POSSIBLE,Y,2013-10-21,2013-10-31,11,NOT RECOVERED/NOT RESOLVED
01-710-1021,Xanomeline High Dose,81,79,M,PRURITUS,PRURITUS,MODERATE,N,POSSIBLE,Y,2013-10-21,2013-10-31,11,RECOVERED/RESOLVED
01-710-1027,Placebo,0,83,M,HAEMOPTYSIS,HAEMOPTYSIS,MILD,N,NONE,Y,2014-05-09,2014-06-01,24,NOT RECOVERED/NOT RESOLVED
01-710-1027,Placebo,0,83,M,RALES,RALES,MILD,N,NONE,Y,2014-05-23,2014-06-20,29,NOT RECOVERED/NOT RESOLVED
01-710-1027,Placebo,0,83,M,HAEMOPTYSIS,HAEMOPTYSIS,MILD,N,NONE,Y,2014-05-09,2014-06-01,24,RECOVERED/RESOLVED
01-710-1027,Placebo,0,83,M,RALES,RALES,MILD,N,NONE,Y,2014-05-23,2014-06-20,29,RECOVERED/RESOLVED
01-710-1045,Xanomeline Low Dose,54,83,F,VOMITING,VOMITING,MILD,N,REMOTE,Y,2013-06-22,2013-06-22,1,RECOVERED/RESOLVED
01-710-1045,Xanomeline Low Dose,54,83,F,NASOPHARYNGITIS,NASOPHARYNGITIS,MILD,N,NONE,Y,2013-07-02,2013-07-09,8,NOT RECOVERED/NOT RESOLVED
01-710-1045,Xanomeline Low Dose,54,83,F,SKIN IRRITATION,SKIN IRRITATION,MILD,N,POSSIBLE,Y,2013-07-02,2013-08-17,47,NOT RECOVERED/NOT RESOLVED
01-710-1045,Xanomeline Low Dose,54,83,F,PRURITUS,PRURITUS,MILD,N,POSSIBLE,Y,2013-07-02,2013-08-17,47,NOT RECOVERED/NOT RESOLVED
01-710-1045,Xanomeline Low Dose,54,83,F,NASOPHARYNGITIS,NASOPHARYNGITIS,MILD,N,NONE,Y,2013-07-02,2013-07-09,8,RECOVERED/RESOLVED
01-710-1045,Xanomeline Low Dose,54,83,F,RASH,RASH,MILD,N,POSSIBLE,Y,2013-07-22,2013-08-17,27,NOT RECOVERED/NOT RESOLVED
01-710-1045,Xanomeline Low Dose,54,83,F,ERYTHEMA,ERYTHEMA,MILD,N,POSSIBLE,Y,2013-08-03,2013-08-17,15,NOT RECOVERED/NOT RESOLVED
01-710-1045,Xanomeline Low Dose,54,83,F,SKIN EXFOLIATION,SKIN EXFOLIATION,MODERATE,N,POSSIBLE,Y,2013-08-13,2013-08-17,5,NOT RECOVERED/NOT RESOLVED
01-710-1045,Xanomeline Low Dose,54,83,F,SKIN IRRITATION,SKIN IRRITATION,MILD,N,POSSIBLE,Y,2013-07-02,2013-08-17,47,RECOVERED/RESOLVED
01-710-1045,Xanomeline Low Dose,54,83,F,PRURITUS,PRURITUS,MILD,N,POSSIBLE,Y,2013-07-02,2013-08-17,47,RECOVERED/RESOLVED
01-710-1045,Xanomeline Low Dose,54,83,F,RASH,RASH,MILD,N,POSSIBLE,Y,2013-07-22,2013-08-17,27,RECOVERED/RESOLVED
01-710-1045,Xanomeline Low Dose,54,83,F,ERYTHEMA,ERYTHEMA,MILD,N,POSSIBLE,Y,2013-08-03,2013-08-17,15,RECOVERED/RESOLVED
01-710-1045,Xanomeline Low Dose,54,83,F,SKIN EXFOLIATION,SKIN EXFOLIATION,MODERATE,N,POSSIBLE,Y,2013-08-13,2013-08-17,5,RECOVERED/RESOLVED
01-710-1053,Xanomeline Low Dose,54,84,F,PRURITUS,PRURITUS,MODERATE,N,POSSIBLE,Y,2013-01-28,2013-02-11,15,NOT RECOVERED/NOT RESOLVED
01-710-1053,Xanomeline Low Dose,54,84,F,RASH,RASH,MODERATE,N,POSSIBLE,Y,2013-01-28,2013-02-11,15,NOT RECOVERED/NOT RESOLVED
01-710-1053,Xanomeline Low Dose,54,84,F,PRURITUS,PRURITUS,MODERATE,N,POSSIBLE,Y,2013-01-28,2013-02-11,15,RECOVERED/RESOLVED
01-710-1053,Xanomeline Low Dose,54,84,F,RASH,RASH,MODERATE,N,POSSIBLE,Y,2013-01-28,2013-02-11,15,RECOVERED/RESOLVED
01-710-1060,Placebo,0,82,M,NASAL CONGESTION,NASAL CONGESTION,MILD,N,NONE,Y,2013-01-02,2013-01-02,1,RECOVERED/RESOLVED
01-710-1060,Placebo,0,82,M,INSOMNIA,INSOMNIA,MILD,N,NONE,Y,2013-01-04,2013-01-15,12,NOT RECOVERED/NOT RESOLVED
01-710-1060,Placebo,0,82,M,INSOMNIA,INSOMNIA,MILD,N,NONE,Y,2013-01-04,2013-01-15,12,RECOVERED/RESOLVED
01-710-1060,Placebo,0,82,M,APPLICATION SITE INDURATION,APPLICATION SITE INDURATION,MILD,N,POSSIBLE,Y,2013-01-21,2013-01-21,1,RECOVERED/RESOLVED
01-710-1060,Placebo,0,82,M,APPLICATION SITE PRURITUS,APPLICATION SITE PRURITUS,MILD,N,POSSIBLE,Y,2013-01-23,2013-01-23,1,RECOVERED/RESOLVED
01-710-1060,Placebo,0,82,M,APPLICATION SITE PRURITUS,APPLICATION SITE PRURITUS,MILD,N,POSSIBLE,Y,2013-01-31,2013-01-31,1,RECOVERED/RESOLVED
01-710-1060,Placebo,0,82,M,FALL,FALL,MILD,N,NONE,Y,2013-02-08,2013-02-08,1,RECOVERED/RESOLVED
01-710-1060,Placebo,0,82,M,FALL,FALL,MILD,N,NONE,Y,2013-02-09,2013-02-09,1,RECOVERED/RESOLVED
01-710-1070,Xanomeline High Dose,81,85,F,SUPRAVENTRICULAR EXTRASYSTOLES,SUPRAVENTRICULAR EXTRASYSTOLES,MILD,N,POSSIBLE,Y,2012-10-06,NA,NA,NOT RECOVERED/NOT RESOLVED
01-710-1070,Xanomeline High Dose,81,85,F,PRURITUS,PRURITUS,MILD,N,PROBABLE,Y,2012-12-12,NA,NA,NOT RECOVERED/NOT RESOLVED
01-710-1070,Xanomeline High Dose,81,85,F,ERYTHEMA,ERYTHEMA,MILD,N,PROBABLE,Y,2012-12-12,NA,NA,NOT RECOVERED/NOT RESOLVED
01-710-1070,Xanomeline High Dose,81,85,F,RASH,RASH,MILD,N,PROBABLE,Y,2012-12-12,NA,NA,NOT RECOVERED/NOT RESOLVED
01-710-1070,Xanomeline High Dose,81,85,F,HIP FRACTURE,HIP FRACTURE,SEVERE,N,NONE,Y,2013-01-22,2013-01-25,4,RECOVERED/RESOLVED
01-710-1070,Xanomeline High Dose,81,85,F,GASTROINTESTINAL HAEMORRHAGE,GASTROINTESTINAL HAEMORRHAGE,SEVERE,N,NONE,Y,2013-02-05,2013-02-10,6,RECOVERED/RESOLVED
01-710-1077,Placebo,0,76,F,APPLICATION SITE DERMATITIS,APPLICATION SITE DERMATITIS,MILD,N,POSSIBLE,Y,2013-12-12,2013-12-12,1,RECOVERED/RESOLVED
01-710-1077,Placebo,0,76,F,SKIN IRRITATION,SKIN IRRITATION,MILD,N,POSSIBLE,Y,2013-12-27,NA,NA,NOT RECOVERED/NOT RESOLVED
01-710-1077,Placebo,0,76,F,AGITATION,AGITATION,MILD,N,REMOTE,Y,2014-01-12,NA,NA,NOT RECOVERED/NOT RESOLVED
01-710-1077,Placebo,0,76,F,ARTHRITIS,ARTHRITIS,SEVERE,N,NONE,N,NA,NA,NA,NOT RECOVERED/NOT RESOLVED
01-710-1077,Placebo,0,76,F,ARTHRITIS,ARTHRITIS,MODERATE,N,NONE,N,NA,NA,NA,NOT RECOVERED/NOT RESOLVED
01-710-1083,Placebo,0,89,F,MYOCARDIAL INFARCTION,MYOCARDIAL INFARCTION,SEVERE,N,POSSIBLE,Y,2013-08-02,2013-08-02,1,FATAL
01-710-1137,Xanomeline High Dose,81,79,F,PRURITUS,PRURITUS,MILD,N,POSSIBLE,Y,2013-10-13,NA,NA,NOT RECOVERED/NOT RESOLVED
01-710-1137,Xanomeline High Dose,81,79,F,ERYTHEMA,ERYTHEMA,MILD,N,POSSIBLE,Y,2013-10-13,NA,NA,NOT RECOVERED/NOT RESOLVED
01-710-1137,Xanomeline High Dose,81,79,F,VERTIGO,VERTIGO,MODERATE,N,POSSIBLE,Y,2013-11-04,NA,NA,NOT RECOVERED/NOT RESOLVED
01-710-1137,Xanomeline High Dose,81,79,F,HEADACHE,HEADACHE,MILD,N,REMOTE,Y,2013-11-13,NA,NA,NOT RECOVERED/NOT RESOLVED
01-710-1142,Xanomeline High Dose,81,76,F,DIZZINESS,DIZZINESS,MODERATE,N,REMOTE,Y,2012-10-04,2012-10-06,3,RECOVERED/RESOLVED
01-710-1142,Xanomeline High Dose,81,76,F,HEADACHE,HEADACHE,MILD,N,REMOTE,Y,2012-10-04,2012-10-06,3,RECOVERED/RESOLVED
01-710-1142,Xanomeline High Dose,81,76,F,NAUSEA,NAUSEA,MILD,N,NONE,Y,2012-10-14,2012-10-14,1,RECOVERED/RESOLVED
01-710-1142,Xanomeline High Dose,81,76,F,MYOCARDIAL INFARCTION,MYOCARDIAL INFARCTION,MODERATE,N,POSSIBLE,Y,2012-10-19,2012-10-19,1,RECOVERED/RESOLVED
01-710-1142,Xanomeline High Dose,81,76,F,SYNCOPE VASOVAGAL,SYNCOPE VASOVAGAL,MODERATE,N,POSSIBLE,Y,2012-10-19,2012-10-19,1,RECOVERED/RESOLVED
01-710-1154,Xanomeline Low Dose,54,84,M,SKIN IRRITATION,SKIN IRRITATION,MODERATE,N,POSSIBLE,Y,2014-04-18,NA,NA,NOT RECOVERED/NOT RESOLVED
01-710-1154,Xanomeline Low Dose,54,84,M,SKIN IRRITATION,SKIN IRRITATION,SEVERE,N,POSSIBLE,Y,2014-04-18,NA,NA,NOT RECOVERED/NOT RESOLVED
01-710-1166,Xanomeline Low Dose,54,81,F,FALL,FALL,MODERATE,N,POSSIBLE,Y,2013-03-19,2013-03-19,1,RECOVERED/RESOLVED
01-710-1166,Xanomeline Low Dose,54,81,F,SKIN LACERATION,SKIN LACERATION,MODERATE,N,POSSIBLE,Y,2013-03-19,2013-03-19,1,RECOVERED/RESOLVED
01-710-1166,Xanomeline Low Dose,54,81,F,SYNCOPE,SYNCOPE,MODERATE,N,POSSIBLE,Y,2013-03-19,2013-03-19,1,RECOVERED/RESOLVED
01-710-1166,Xanomeline Low Dose,54,81,F,COMPLEX PARTIAL SEIZURES,COMPLEX PARTIAL SEIZURES,MODERATE,N,POSSIBLE,Y,2013-03-19,2013-03-20,2,RECOVERED/RESOLVED
01-710-1166,Xanomeline Low Dose,54,81,F,SYNCOPE,SYNCOPE,MODERATE,N,POSSIBLE,Y,2013-03-20,2013-03-20,1,RECOVERED/RESOLVED
01-710-1183,Placebo,0,80,F,SINUS BRADYCARDIA,SINUS BRADYCARDIA,MODERATE,N,POSSIBLE,Y,2014-03-10,NA,NA,NOT RECOVERED/NOT RESOLVED
01-710-1183,Placebo,0,80,F,ATRIOVENTRICULAR BLOCK FIRST DEGREE,ATRIOVENTRICULAR BLOCK FIRST DEGREE,MILD,N,POSSIBLE,Y,2014-03-10,NA,NA,NOT RECOVERED/NOT RESOLVED
01-710-1187,Xanomeline High Dose,81,78,F,APPLICATION SITE IRRITATION,APPLICATION SITE IRRITATION,MILD,N,POSSIBLE,Y,2012-12-23,NA,NA,NOT RECOVERED/NOT RESOLVED
01-710-1235,Xanomeline Low Dose,54,56,F,COUGH,COUGH,MODERATE,N,NONE,Y,2012-11-22,2012-12-14,23,RECOVERED/RESOLVED
01-710-1235,Xanomeline Low Dose,54,56,F,SHOULDER PAIN,SHOULDER PAIN,MILD,N,NONE,Y,2013-01-13,NA,NA,NOT RECOVERED/NOT RESOLVED
01-710-1235,Xanomeline Low Dose,54,56,F,APPLICATION SITE PRURITUS,APPLICATION SITE PRURITUS,MILD,N,POSSIBLE,Y,2013-01-29,NA,NA,NOT RECOVERED/NOT RESOLVED
01-710-1249,Xanomeline High Dose,81,79,M,PRURITUS,PRURITUS,MILD,N,POSSIBLE,Y,2014-02-11,2014-02-11,1,RECOVERED/RESOLVED
01-710-1249,Xanomeline High Dose,81,79,M,PRURITUS,PRURITUS,MILD,N,POSSIBLE,Y,2014-02-18,2014-02-18,1,RECOVERED/RESOLVED
01-710-1249,Xanomeline High Dose,81,79,M,ERYTHEMA,ERYTHEMA,MILD,N,POSSIBLE,Y,2014-02-23,NA,NA,NOT RECOVERED/NOT RESOLVED
01-710-1249,Xanomeline High Dose,81,79,M,PRURITUS,PRURITUS,MODERATE,N,POSSIBLE,Y,2014-04-24,NA,NA,NOT RECOVERED/NOT RESOLVED
01-710-1264,Placebo,0,78,M,DIARRHOEA,DIARRHOEA,MILD,N,POSSIBLE,Y,2013-07-03,2013-07-05,3,RECOVERED/RESOLVED
01-710-1264,Placebo,0,78,M,PRURITUS,PRURITUS,MILD,N,POSSIBLE,Y,2013-08-21,NA,NA,NOT RECOVERED/NOT RESOLVED
01-710-1264,Placebo,0,78,M,RASH,RASH,MILD,N,POSSIBLE,Y,2013-08-21,NA,NA,NOT RECOVERED/NOT RESOLVED
01-710-1264,Placebo,0,78,M,COLD SWEAT,COLD SWEAT,MODERATE,N,POSSIBLE,Y,2013-09-29,2013-09-29,1,RECOVERED/RESOLVED
01-710-1264,Placebo,0,78,M,CHILLS,CHILLS,MODERATE,N,POSSIBLE,Y,2013-09-29,2013-09-29,1,RECOVERED/RESOLVED
01-710-1264,Placebo,0,78,M,COLD SWEAT,COLD SWEAT,MODERATE,N,POSSIBLE,Y,2013-10-09,2013-10-09,1,RECOVERED/RESOLVED
01-710-1264,Placebo,0,78,M,CHILLS,CHILLS,MODERATE,N,POSSIBLE,Y,2013-10-09,2013-10-09,1,RECOVERED/RESOLVED
01-710-1264,Placebo,0,78,M,COLD SWEAT,COLD SWEAT,MODERATE,N,POSSIBLE,Y,2013-10-11,2013-10-11,1,RECOVERED/RESOLVED
01-710-1264,Placebo,0,78,M,CHILLS,CHILLS,MODERATE,N,POSSIBLE,Y,2013-10-11,2013-10-11,1,RECOVERED/RESOLVED
01-710-1270,Xanomeline Low Dose,54,83,F,ERYTHEMA,ERYTHEMA,MODERATE,N,POSSIBLE,Y,2014-02-23,NA,NA,NOT RECOVERED/NOT RESOLVED
01-710-1270,Xanomeline Low Dose,54,83,F,PRURITUS,PRURITUS,MODERATE,N,POSSIBLE,Y,2014-02-23,NA,NA,NOT RECOVERED/NOT RESOLVED
01-710-1271,Placebo,0,86,F,DYSPNOEA,DYSPNOEA,MODERATE,N,POSSIBLE,Y,2012-11-21,2012-11-21,1,RECOVERED/RESOLVED
01-710-1271,Placebo,0,86,F,MYOCARDIAL INFARCTION,MYOCARDIAL INFARCTION,SEVERE,N,POSSIBLE,Y,2012-11-21,2012-11-21,1,RECOVERED/RESOLVED
01-710-1271,Placebo,0,86,F,ATRIAL FIBRILLATION,ATRIAL FIBRILLATION,MODERATE,N,POSSIBLE,Y,2012-11-21,2012-11-26,6,RECOVERED/RESOLVED
01-710-1271,Placebo,0,86,F,CARDIAC FAILURE CONGESTIVE,CARDIAC FAILURE CONGESTIVE,MODERATE,N,POSSIBLE,Y,2012-11-22,NA,NA,NOT RECOVERED/NOT RESOLVED
01-710-1271,Placebo,0,86,F,HYPONATRAEMIA,HYPONATRAEMIA,MODERATE,N,REMOTE,Y,2012-11-22,2012-11-26,5,RECOVERED/RESOLVED
01-710-1278,Xanomeline High Dose,81,81,M,SOMNOLENCE,SOMNOLENCE,MILD,N,REMOTE,Y,2013-01-13,2013-01-19,7,RECOVERED/RESOLVED
01-710-1278,Xanomeline High Dose,81,81,M,RASH,RASH,MILD,N,POSSIBLE,Y,2013-02-07,2013-03-03,25,NOT RECOVERED/NOT RESOLVED
01-710-1278,Xanomeline High Dose,81,81,M,APPLICATION SITE ERYTHEMA,APPLICATION SITE ERYTHEMA,MILD,N,POSSIBLE,Y,2013-02-24,2013-03-03,8,NOT RECOVERED/NOT RESOLVED
01-710-1278,Xanomeline High Dose,81,81,M,BURNING SENSATION,BURNING SENSATION,MODERATE,N,POSSIBLE,Y,2013-02-24,2013-02-26,3,RECOVERED/RESOLVED
01-710-1278,Xanomeline High Dose,81,81,M,VOMITING,VOMITING,MILD,N,REMOTE,Y,2013-03-02,2013-03-02,1,RECOVERED/RESOLVED
01-710-1278,Xanomeline High Dose,81,81,M,RASH,RASH,MILD,N,POSSIBLE,Y,2013-02-07,2013-03-03,25,RECOVERED/RESOLVED
01-710-1278,Xanomeline High Dose,81,81,M,APPLICATION SITE ERYTHEMA,APPLICATION SITE ERYTHEMA,MILD,N,POSSIBLE,Y,2013-02-24,2013-03-03,8,RECOVERED/RESOLVED
01-710-1300,Xanomeline Low Dose,54,78,F,PRURITUS,PRURITUS,MODERATE,N,POSSIBLE,Y,2013-01-31,NA,NA,NOT RECOVERED/NOT RESOLVED
01-710-1300,Xanomeline Low Dose,54,78,F,ERYTHEMA,ERYTHEMA,MODERATE,N,POSSIBLE,Y,2013-02-10,NA,NA,NOT RECOVERED/NOT RESOLVED
01-710-1300,Xanomeline Low Dose,54,78,F,BLISTER,BLISTER,MODERATE,N,POSSIBLE,Y,2013-02-10,NA,NA,NOT RECOVERED/NOT RESOLVED
01-710-1300,Xanomeline Low Dose,54,78,F,APPLICATION SITE IRRITATION,APPLICATION SITE IRRITATION,MILD,N,POSSIBLE,Y,2013-02-13,NA,NA,NOT RECOVERED/NOT RESOLVED
01-710-1314,Placebo,0,78,F,NASOPHARYNGITIS,NASOPHARYNGITIS,MILD,N,NONE,Y,2013-05-20,2013-05-24,5,NOT RECOVERED/NOT RESOLVED
01-710-1314,Placebo,0,78,F,NASOPHARYNGITIS,NASOPHARYNGITIS,MILD,N,NONE,Y,2013-05-20,2013-05-24,5,RECOVERED/RESOLVED
01-710-1315,Placebo,0,83,F,HEADACHE,HEADACHE,MILD,N,REMOTE,N,2013-02-26,2013-02-26,1,RECOVERED/RESOLVED
01-710-1315,Placebo,0,83,F,PRURITUS,PRURITUS,MILD,N,POSSIBLE,Y,2013-05-14,2013-07-07,55,NOT RECOVERED/NOT RESOLVED
01-710-1315,Placebo,0,83,F,RASH,RASH,MODERATE,N,POSSIBLE,Y,2013-06-18,2013-07-07,20,NOT RECOVERED/NOT RESOLVED
01-710-1315,Placebo,0,83,F,ERYTHEMA,ERYTHEMA,MODERATE,N,POSSIBLE,Y,2013-06-18,2013-07-07,20,NOT RECOVERED/NOT RESOLVED
01-710-1315,Placebo,0,83,F,PRURITUS,PRURITUS,MILD,N,POSSIBLE,Y,2013-05-14,2013-07-07,55,RECOVERED/RESOLVED
01-710-1315,Placebo,0,83,F,RASH,RASH,MODERATE,N,POSSIBLE,Y,2013-06-18,2013-07-07,20,RECOVERED/RESOLVED
01-710-1315,Placebo,0,83,F,ERYTHEMA,ERYTHEMA,MODERATE,N,POSSIBLE,Y,2013-06-18,2013-07-07,20,RECOVERED/RESOLVED
01-710-1354,Xanomeline High Dose,81,73,M,ERYTHEMA,ERYTHEMA,MILD,N,POSSIBLE,Y,2012-12-30,NA,NA,NOT RECOVERED/NOT RESOLVED
01-710-1354,Xanomeline High Dose,81,73,M,PRURITUS,PRURITUS,MILD,N,POSSIBLE,Y,2013-02-14,NA,NA,NOT RECOVERED/NOT RESOLVED
01-710-1358,Xanomeline Low Dose,54,82,M,RASH,RASH,MILD,N,POSSIBLE,Y,2012-12-22,NA,NA,NOT RECOVERED/NOT RESOLVED
01-710-1358,Xanomeline Low Dose,54,82,M,PRURITUS,PRURITUS,MILD,N,POSSIBLE,Y,2012-12-22,NA,NA,NOT RECOVERED/NOT RESOLVED
01-710-1358,Xanomeline Low Dose,54,82,M,APPLICATION SITE DESQUAMATION,APPLICATION SITE DESQUAMATION,MILD,N,POSSIBLE,Y,2013-01-24,NA,NA,NOT RECOVERED/NOT RESOLVED
01-710-1368,Placebo,0,88,F,HIP FRACTURE,HIP FRACTURE,SEVERE,N,NONE,Y,2013-12-25,2014-04-24,121,NOT RECOVERED/NOT RESOLVED
01-710-1368,Placebo,0,88,F,DELUSION,DELUSION,MILD,N,REMOTE,Y,2014-03-26,NA,NA,NOT RECOVERED/NOT RESOLVED
01-710-1368,Placebo,0,88,F,PSYCHOMOTOR HYPERACTIVITY,PSYCHOMOTOR HYPERACTIVITY,MILD,N,REMOTE,Y,2014-03-26,NA,NA,NOT RECOVERED/NOT RESOLVED
01-710-1368,Placebo,0,88,F,HIP FRACTURE,HIP FRACTURE,SEVERE,N,NONE,Y,2013-12-25,2014-04-24,121,RECOVERED/RESOLVED
01-710-1385,Xanomeline Low Dose,54,77,M,SUPRAVENTRICULAR TACHYCARDIA,SUPRAVENTRICULAR TACHYCARDIA,MODERATE,N,NONE,Y,2012-11-12,2012-11-13,2,NOT RECOVERED/NOT RESOLVED
01-710-1385,Xanomeline Low Dose,54,77,M,SUPRAVENTRICULAR TACHYCARDIA,SUPRAVENTRICULAR TACHYCARDIA,MODERATE,N,NONE,Y,2012-11-12,2012-11-13,2,RECOVERED/RESOLVED
01-710-1385,Xanomeline Low Dose,54,77,M,ATRIOVENTRICULAR BLOCK FIRST DEGREE,ATRIOVENTRICULAR BLOCK FIRST DEGREE,MILD,N,NONE,Y,2012-11-26,NA,NA,NOT RECOVERED/NOT RESOLVED
01-710-1385,Xanomeline Low Dose,54,77,M,PRURITUS,PRURITUS,MILD,N,POSSIBLE,Y,2012-12-18,NA,NA,NOT RECOVERED/NOT RESOLVED
01-710-1385,Xanomeline Low Dose,54,77,M,RASH,RASH,MILD,N,POSSIBLE,Y,2012-12-27,NA,NA,NOT RECOVERED/NOT RESOLVED
01-710-1385,Xanomeline Low Dose,54,77,M,BLISTER,BLISTER,MILD,N,POSSIBLE,Y,2012-12-27,NA,NA,NOT RECOVERED/NOT RESOLVED
01-710-1385,Xanomeline Low Dose,54,77,M,ATRIAL FIBRILLATION,ATRIAL FIBRILLATION,MODERATE,N,NONE,Y,2013-02-18,NA,NA,NOT RECOVERED/NOT RESOLVED
01-710-1385,Xanomeline Low Dose,54,77,M,ELECTROCARDIOGRAM T WAVE AMPLITUDE DECREASED,ELECTROCARDIOGRAM T WAVE AMPLITUDE DECREASED,MILD,N,REMOTE,Y,2013-02-18,NA,NA,NOT RECOVERED/NOT RESOLVED
01-710-1408,Xanomeline High Dose,81,80,M,NASOPHARYNGITIS,NASOPHARYNGITIS,MILD,N,NONE,Y,2013-01-31,2013-02-09,10,NOT RECOVERED/NOT RESOLVED
01-710-1408,Xanomeline High Dose,81,80,M,NASOPHARYNGITIS,NASOPHARYNGITIS,MILD,N,NONE,Y,2013-01-31,2013-02-09,10,RECOVERED/RESOLVED
01-710-1408,Xanomeline High Dose,81,80,M,ERYTHEMA,ERYTHEMA,MILD,N,POSSIBLE,Y,2013-02-24,2013-05-31,97,NOT RECOVERED/NOT RESOLVED
01-710-1408,Xanomeline High Dose,81,80,M,ERYTHEMA,ERYTHEMA,MILD,N,POSSIBLE,Y,2013-02-24,2013-05-31,97,RECOVERED/RESOLVED
01-711-1012,Xanomeline High Dose,81,67,F,APPLICATION SITE DERMATITIS,APPLICATION SITE DERMATITIS,MILD,N,PROBABLE,Y,2013-04-16,NA,NA,NOT RECOVERED/NOT RESOLVED
01-711-1012,Xanomeline High Dose,81,67,F,APPLICATION SITE PRURITUS,APPLICATION SITE PRURITUS,MILD,N,PROBABLE,Y,2013-04-16,2013-05-02,17,NOT RECOVERED/NOT RESOLVED
01-711-1012,Xanomeline High Dose,81,67,F,APPLICATION SITE DERMATITIS,APPLICATION SITE DERMATITIS,MODERATE,N,PROBABLE,Y,2013-04-16,NA,NA,NOT RECOVERED/NOT RESOLVED
01-711-1012,Xanomeline High Dose,81,67,F,APPLICATION SITE PRURITUS,APPLICATION SITE PRURITUS,MODERATE,N,PROBABLE,Y,2013-04-16,2013-05-02,17,NOT RECOVERED/NOT RESOLVED
01-711-1012,Xanomeline High Dose,81,67,F,NASOPHARYNGITIS,NASOPHARYNGITIS,MODERATE,N,NONE,Y,2013-04-27,NA,NA,NOT RECOVERED/NOT RESOLVED
01-711-1012,Xanomeline High Dose,81,67,F,APPLICATION SITE URTICARIA,APPLICATION SITE URTICARIA,MODERATE,N,PROBABLE,Y,2013-04-29,2013-05-01,3,RECOVERED/RESOLVED
01-711-1012,Xanomeline High Dose,81,67,F,APPLICATION SITE PRURITUS,APPLICATION SITE PRURITUS,MODERATE,N,PROBABLE,Y,2013-04-16,2013-05-02,17,RECOVERED/RESOLVED
01-711-1036,Placebo,0,70,M,HEADACHE,HEADACHE,MILD,N,NONE,Y,2012-07-29,NA,NA,NOT RECOVERED/NOT RESOLVED
01-711-1036,Placebo,0,70,M,EAR INFECTION,EAR INFECTION,MILD,N,NONE,Y,2012-08-04,2012-08-12,9,NOT RECOVERED/NOT RESOLVED
01-711-1036,Placebo,0,70,M,GLOSSITIS,GLOSSITIS,MILD,N,NONE,Y,2012-08-12,NA,NA,NOT RECOVERED/NOT RESOLVED
01-711-1036,Placebo,0,70,M,EAR INFECTION,EAR INFECTION,MILD,N,NONE,Y,2012-08-04,2012-08-12,9,RECOVERED/RESOLVED
01-711-1143,Xanomeline Low Dose,54,76,F,TINNITUS,TINNITUS,MODERATE,N,POSSIBLE,N,2007-10-01,NA,NA,NOT RECOVERED/NOT RESOLVED
01-711-1143,Xanomeline Low Dose,54,76,F,PARAESTHESIA ORAL,PARAESTHESIA ORAL,MILD,N,POSSIBLE,Y,2013-04-11,NA,NA,NOT RECOVERED/NOT RESOLVED
01-711-1143,Xanomeline Low Dose,54,76,F,NASOPHARYNGITIS,NASOPHARYNGITIS,SEVERE,N,NONE,Y,2013-04-28,2013-05-11,14,NOT RECOVERED/NOT RESOLVED
01-711-1143,Xanomeline Low Dose,54,76,F,SUPRAVENTRICULAR EXTRASYSTOLES,SUPRAVENTRICULAR EXTRASYSTOLES,MILD,N,POSSIBLE,Y,2013-04-29,2013-05-15,17,NOT RECOVERED/NOT RESOLVED
01-711-1143,Xanomeline Low Dose,54,76,F,NASOPHARYNGITIS,NASOPHARYNGITIS,MILD,N,NONE,Y,2013-04-28,2013-05-11,14,NOT RECOVERED/NOT RESOLVED
01-711-1143,Xanomeline Low Dose,54,76,F,NASOPHARYNGITIS,NASOPHARYNGITIS,MILD,N,NONE,Y,2013-04-28,2013-05-11,14,RECOVERED/RESOLVED
01-711-1143,Xanomeline Low Dose,54,76,F,SUPRAVENTRICULAR EXTRASYSTOLES,SUPRAVENTRICULAR EXTRASYSTOLES,MILD,N,POSSIBLE,Y,2013-04-29,2013-05-15,17,RECOVERED/RESOLVED
01-711-1143,Xanomeline Low Dose,54,76,F,APPLICATION SITE DERMATITIS,APPLICATION SITE DERMATITIS,MODERATE,N,PROBABLE,Y,2013-05-18,NA,NA,NOT RECOVERED/NOT RESOLVED
01-711-1143,Xanomeline Low Dose,54,76,F,RASH PRURITIC,RASH PRURITIC,MODERATE,N,PROBABLE,Y,2013-05-27,2013-05-31,5,NOT RECOVERED/NOT RESOLVED
01-711-1143,Xanomeline Low Dose,54,76,F,VENTRICULAR EXTRASYSTOLES,VENTRICULAR EXTRASYSTOLES,MODERATE,N,PROBABLE,Y,2013-05-28,2013-06-01,5,NOT RECOVERED/NOT RESOLVED
01-711-1143,Xanomeline Low Dose,54,76,F,RASH PRURITIC,RASH PRURITIC,MODERATE,N,PROBABLE,Y,2013-05-27,2013-05-31,5,RECOVERED/RESOLVED
01-711-1143,Xanomeline Low Dose,54,76,F,CONJUNCTIVAL HAEMORRHAGE,CONJUNCTIVAL HAEMORRHAGE,MODERATE,N,REMOTE,Y,2013-05-30,NA,NA,NOT RECOVERED/NOT RESOLVED
01-711-1143,Xanomeline Low Dose,54,76,F,CERUMEN IMPACTION,CERUMEN IMPACTION,MILD,N,NONE,Y,2013-06-01,NA,NA,NOT RECOVERED/NOT RESOLVED
01-711-1143,Xanomeline Low Dose,54,76,F,VENTRICULAR EXTRASYSTOLES,VENTRICULAR EXTRASYSTOLES,MODERATE,N,PROBABLE,Y,2013-05-28,2013-06-01,5,RECOVERED/RESOLVED
01-711-1433,Xanomeline High Dose,81,84,F,HYPERTENSION,HYPERTENSION,MILD,N,NONE,N,2012-07-23,NA,NA,NOT RECOVERED/NOT RESOLVED
01-711-1433,Xanomeline High Dose,81,84,F,HYPERTENSION,HYPERTENSION,MODERATE,N,NONE,N,2012-07-23,NA,NA,NOT RECOVERED/NOT RESOLVED
01-711-1433,Xanomeline High Dose,81,84,F,ASTHENIA,ASTHENIA,MODERATE,N,REMOTE,Y,2013-02-05,NA,NA,NOT RECOVERED/NOT RESOLVED
01-713-1043,Xanomeline Low Dose,54,78,F,APPLICATION SITE ERYTHEMA,APPLICATION SITE ERYTHEMA,MILD,N,PROBABLE,Y,2013-09-26,NA,NA,NOT RECOVERED/NOT RESOLVED
01-713-1043,Xanomeline Low Dose,54,78,F,NAUSEA,NAUSEA,MODERATE,N,POSSIBLE,Y,2013-10-11,2013-10-11,1,NOT RECOVERED/NOT RESOLVED
01-713-1043,Xanomeline Low Dose,54,78,F,VOMITING,VOMITING,MODERATE,N,POSSIBLE,Y,2013-10-11,2013-10-11,1,NOT RECOVERED/NOT RESOLVED
01-713-1043,Xanomeline Low Dose,54,78,F,APPLICATION SITE ERYTHEMA,APPLICATION SITE ERYTHEMA,MODERATE,N,PROBABLE,Y,2013-09-26,NA,NA,NOT RECOVERED/NOT RESOLVED
01-713-1043,Xanomeline Low Dose,54,78,F,NAUSEA,NAUSEA,MODERATE,N,POSSIBLE,Y,2013-10-11,2013-10-11,1,RECOVERED/RESOLVED
01-713-1043,Xanomeline Low Dose,54,78,F,VOMITING,VOMITING,MODERATE,N,POSSIBLE,Y,2013-10-11,2013-10-11,1,RECOVERED/RESOLVED
01-713-1043,Xanomeline Low Dose,54,78,F,CATARACT OPERATION,CATARACT OPERATION,MILD,N,NONE,Y,2014-03-08,2014-03-08,1,RECOVERED/RESOLVED
01-713-1073,Xanomeline Low Dose,54,74,F,APPLICATION SITE PRURITUS,APPLICATION SITE PRURITUS,MILD,N,PROBABLE,Y,2014-07-14,NA,NA,NOT RECOVERED/NOT RESOLVED
01-713-1141,Xanomeline High Dose,81,79,M,RASH PRURITIC,RASH PRURITIC,MILD,N,PROBABLE,Y,2013-06-21,2013-07-15,25,NOT RECOVERED/NOT RESOLVED
01-713-1141,Xanomeline High Dose,81,79,M,RASH PRURITIC,RASH PRURITIC,MILD,N,PROBABLE,Y,2013-06-21,2013-07-15,25,RECOVERED/RESOLVED
01-713-1141,Xanomeline High Dose,81,79,M,BACK PAIN,BACK PAIN,MODERATE,N,REMOTE,Y,2013-06-30,NA,NA,NOT RECOVERED/NOT RESOLVED
01-713-1141,Xanomeline High Dose,81,79,M,DELIRIUM,DELIRIUM,MODERATE,N,POSSIBLE,Y,2013-07-01,2013-07-15,15,RECOVERED/RESOLVED
01-713-1179,Placebo,0,64,F,DYSURIA,DYSURIA,MILD,N,REMOTE,Y,2013-08-19,2013-08-23,5,RECOVERED/RESOLVED
01-713-1179,Placebo,0,64,F,DYSPEPSIA,DYSPEPSIA,MILD,N,POSSIBLE,Y,2013-08-22,2013-08-22,1,RECOVERED/RESOLVED
01-713-1179,Placebo,0,64,F,URINARY TRACT INFECTION,URINARY TRACT INFECTION,MILD,N,REMOTE,Y,2013-08-28,2013-09-08,12,NOT RECOVERED/NOT RESOLVED
01-713-1179,Placebo,0,64,F,ASTHENIA,ASTHENIA,MODERATE,N,POSSIBLE,Y,2013-09-05,NA,NA,NOT RECOVERED/NOT RESOLVED
01-713-1179,Placebo,0,64,F,URINARY TRACT INFECTION,URINARY TRACT INFECTION,MILD,N,REMOTE,Y,2013-08-28,2013-09-08,12,RECOVERED/RESOLVED
01-713-1179,Placebo,0,64,F,ASTHENIA,ASTHENIA,MILD,N,POSSIBLE,Y,2013-09-05,NA,NA,NOT RECOVERED/NOT RESOLVED
01-713-1179,Placebo,0,64,F,DYSPEPSIA,DYSPEPSIA,MILD,N,POSSIBLE,Y,2013-09-12,NA,NA,NOT RECOVERED/NOT RESOLVED
01-713-1179,Placebo,0,64,F,PELVIC PAIN,PELVIC PAIN,MILD,N,POSSIBLE,Y,2013-10-10,2014-01-18,101,NOT RECOVERED/NOT RESOLVED
01-713-1179,Placebo,0,64,F,GASTROENTERITIS VIRAL,GASTROENTERITIS VIRAL,MODERATE,N,REMOTE,Y,2013-10-10,2013-10-13,4,RECOVERED/RESOLVED
01-713-1179,Placebo,0,64,F,GASTROOESOPHAGEAL REFLUX DISEASE,GASTROOESOPHAGEAL REFLUX DISEASE,MILD,N,POSSIBLE,Y,2013-10-10,NA,NA,NOT RECOVERED/NOT RESOLVED
01-713-1179,Placebo,0,64,F,VAGINAL MYCOSIS,VAGINAL MYCOSIS,MILD,N,REMOTE,Y,2013-11-23,2013-12-02,10,NOT RECOVERED/NOT RESOLVED
01-713-1179,Placebo,0,64,F,CERVICITIS,CERVICITIS,MILD,N,REMOTE,Y,2013-11-23,2013-12-02,10,NOT RECOVERED/NOT RESOLVED
01-713-1179,Placebo,0,64,F,VAGINAL MYCOSIS,VAGINAL MYCOSIS,MILD,N,REMOTE,Y,2013-11-23,2013-12-02,10,RECOVERED/RESOLVED
01-713-1179,Placebo,0,64,F,CERVICITIS,CERVICITIS,MILD,N,REMOTE,Y,2013-11-23,2013-12-02,10,RECOVERED/RESOLVED
01-713-1179,Placebo,0,64,F,PELVIC PAIN,PELVIC PAIN,MILD,N,POSSIBLE,Y,2013-10-10,2014-01-18,101,RECOVERED/RESOLVED
01-713-1209,Xanomeline High Dose,81,77,F,ABDOMINAL PAIN,ABDOMINAL PAIN,MILD,N,POSSIBLE,Y,2013-05-30,NA,NA,NOT RECOVERED/NOT RESOLVED
01-713-1209,Xanomeline High Dose,81,77,F,APPLICATION SITE PRURITUS,APPLICATION SITE PRURITUS,MILD,N,PROBABLE,Y,2013-06-02,NA,NA,NOT RECOVERED/NOT RESOLVED
01-713-1209,Xanomeline High Dose,81,77,F,ABDOMINAL PAIN,ABDOMINAL PAIN,MODERATE,N,POSSIBLE,Y,2013-05-30,NA,NA,NOT RECOVERED/NOT RESOLVED
01-713-1209,Xanomeline High Dose,81,77,F,DIZZINESS,DIZZINESS,MILD,N,POSSIBLE,Y,2013-10-31,NA,NA,NOT RECOVERED/NOT RESOLVED
01-713-1256,Placebo,0,71,M,APPLICATION SITE DERMATITIS,APPLICATION SITE DERMATITIS,MILD,N,PROBABLE,Y,2012-10-30,2012-10-31,2,NOT RECOVERED/NOT RESOLVED
01-713-1256,Placebo,0,71,M,APPLICATION SITE DERMATITIS,APPLICATION SITE DERMATITIS,MILD,N,PROBABLE,Y,2012-10-30,2012-10-31,2,RECOVERED/RESOLVED
01-713-1269,Placebo,0,73,M,APPLICATION SITE ERYTHEMA,APPLICATION SITE ERYTHEMA,MILD,N,PROBABLE,Y,2014-02-02,NA,NA,NOT RECOVERED/NOT RESOLVED
01-713-1269,Placebo,0,73,M,COUGH,COUGH,MILD,N,REMOTE,Y,2014-04-18,NA,NA,NOT RECOVERED/NOT RESOLVED
01-713-1269,Placebo,0,73,M,SHOULDER PAIN,SHOULDER PAIN,MILD,N,POSSIBLE,Y,2014-06-01,NA,NA,NOT RECOVERED/NOT RESOLVED
01-713-1269,Placebo,0,73,M,RASH,RASH,MODERATE,N,REMOTE,Y,2014-07-10,NA,NA,NOT RECOVERED/NOT RESOLVED
01-713-1269,Placebo,0,73,M,SHOULDER PAIN,SHOULDER PAIN,MODERATE,N,POSSIBLE,Y,2014-06-01,NA,NA,NOT RECOVERED/NOT RESOLVED
01-713-1269,Placebo,0,73,M,RASH,RASH,MILD,N,REMOTE,Y,2014-07-10,NA,NA,NOT RECOVERED/NOT RESOLVED
01-713-1448,Xanomeline Low Dose,54,71,F,APPLICATION SITE IRRITATION,APPLICATION SITE IRRITATION,MODERATE,N,PROBABLE,Y,2014-03-19,2014-05-23,66,NOT RECOVERED/NOT RESOLVED
01-713-1448,Xanomeline Low Dose,54,71,F,NAUSEA,NAUSEA,MILD,N,POSSIBLE,Y,2014-03-27,2014-05-23,58,NOT RECOVERED/NOT RESOLVED
01-713-1448,Xanomeline Low Dose,54,71,F,APPLICATION SITE IRRITATION,APPLICATION SITE IRRITATION,MODERATE,N,PROBABLE,Y,2014-03-19,2014-05-23,66,RECOVERED/RESOLVED
01-713-1448,Xanomeline Low Dose,54,71,F,NAUSEA,NAUSEA,MILD,N,POSSIBLE,Y,2014-03-27,2014-05-23,58,RECOVERED/RESOLVED
01-714-1035,Placebo,0,88,F,BUNDLE BRANCH BLOCK RIGHT,BUNDLE BRANCH BLOCK RIGHT,MILD,N,REMOTE,Y,2014-05-26,2014-06-04,10,NOT RECOVERED/NOT RESOLVED
01-714-1035,Placebo,0,88,F,ELECTROCARDIOGRAM T WAVE INVERSION,ELECTROCARDIOGRAM T WAVE INVERSION,MILD,N,REMOTE,Y,2014-05-26,NA,NA,NOT RECOVERED/NOT RESOLVED
01-714-1035,Placebo,0,88,F,SUPRAVENTRICULAR EXTRASYSTOLES,SUPRAVENTRICULAR EXTRASYSTOLES,MILD,N,REMOTE,Y,2014-06-04,2014-06-17,14,NOT RECOVERED/NOT RESOLVED
01-714-1035,Placebo,0,88,F,ELECTROCARDIOGRAM ST SEGMENT DEPRESSION,ELECTROCARDIOGRAM ST SEGMENT DEPRESSION,MILD,N,REMOTE,Y,2014-06-04,NA,NA,NOT RECOVERED/NOT RESOLVED
01-714-1035,Placebo,0,88,F,BUNDLE BRANCH BLOCK RIGHT,BUNDLE BRANCH BLOCK RIGHT,MILD,N,REMOTE,Y,2014-05-26,2014-06-04,10,RECOVERED/RESOLVED
01-714-1035,Placebo,0,88,F,SUPRAVENTRICULAR EXTRASYSTOLES,SUPRAVENTRICULAR EXTRASYSTOLES,MILD,N,REMOTE,Y,2014-06-04,2014-06-17,14,RECOVERED/RESOLVED
01-714-1035,Placebo,0,88,F,BRONCHITIS,BRONCHITIS,MODERATE,N,NONE,Y,2014-07-18,2014-07-24,7,RECOVERED/RESOLVED
01-714-1068,Xanomeline Low Dose,54,79,F,SKIN IRRITATION,SKIN IRRITATION,MODERATE,N,PROBABLE,Y,2013-08-12,2013-08-22,11,NOT RECOVERED/NOT RESOLVED
01-714-1068,Xanomeline Low Dose,54,79,F,SKIN IRRITATION,SKIN IRRITATION,MODERATE,N,PROBABLE,Y,2013-08-12,2013-08-22,11,RECOVERED/RESOLVED
01-714-1068,Xanomeline Low Dose,54,79,F,APPLICATION SITE ERYTHEMA,APPLICATION SITE ERYTHEMA,MODERATE,N,PROBABLE,Y,2013-09-20,NA,NA,NOT RECOVERED/NOT RESOLVED
01-714-1068,Xanomeline Low Dose,54,79,F,APPLICATION SITE PRURITUS,APPLICATION SITE PRURITUS,MODERATE,N,PROBABLE,Y,2013-09-20,NA,NA,NOT RECOVERED/NOT RESOLVED
01-714-1068,Xanomeline Low Dose,54,79,F,APPLICATION SITE ERYTHEMA,APPLICATION SITE ERYTHEMA,MILD,N,PROBABLE,Y,2013-09-20,NA,NA,NOT RECOVERED/NOT RESOLVED
01-714-1068,Xanomeline Low Dose,54,79,F,APPLICATION SITE PRURITUS,APPLICATION SITE PRURITUS,MILD,N,PROBABLE,Y,2013-09-20,NA,NA,NOT RECOVERED/NOT RESOLVED
01-714-1195,Xanomeline Low Dose,54,75,M,DIARRHOEA,DIARRHOEA,MILD,N,REMOTE,Y,2013-05-12,2013-07-17,67,NOT RECOVERED/NOT RESOLVED
01-714-1195,Xanomeline Low Dose,54,75,M,HYPERHIDROSIS,HYPERHIDROSIS,MODERATE,N,POSSIBLE,Y,2013-05-12,2013-07-17,67,NOT RECOVERED/NOT RESOLVED
01-714-1195,Xanomeline Low Dose,54,75,M,APPLICATION SITE ERYTHEMA,APPLICATION SITE ERYTHEMA,SEVERE,N,PROBABLE,Y,2013-05-13,2013-07-17,66,NOT RECOVERED/NOT RESOLVED
01-714-1195,Xanomeline Low Dose,54,75,M,SOMNOLENCE,SOMNOLENCE,MILD,N,NONE,Y,2013-05-14,NA,NA,NOT RECOVERED/NOT RESOLVED
01-714-1195,Xanomeline Low Dose,54,75,M,APPLICATION SITE PRURITUS,APPLICATION SITE PRURITUS,MILD,N,PROBABLE,Y,2013-05-17,NA,NA,NOT RECOVERED/NOT RESOLVED
01-714-1195,Xanomeline Low Dose,54,75,M,DIARRHOEA,DIARRHOEA,MILD,N,REMOTE,Y,2013-05-12,2013-07-17,67,RECOVERED/RESOLVED
01-714-1195,Xanomeline Low Dose,54,75,M,HYPERHIDROSIS,HYPERHIDROSIS,MODERATE,N,POSSIBLE,Y,2013-05-12,2013-07-17,67,RECOVERED/RESOLVED
01-714-1195,Xanomeline Low Dose,54,75,M,APPLICATION SITE ERYTHEMA,APPLICATION SITE ERYTHEMA,SEVERE,N,PROBABLE,Y,2013-05-13,2013-07-17,66,RECOVERED/RESOLVED
01-714-1195,Xanomeline Low Dose,54,75,M,DYSURIA,DYSURIA,MILD,N,REMOTE,Y,2013-07-25,2013-08-06,13,RECOVERED/RESOLVED
01-714-1288,Xanomeline High Dose,81,77,M,DIZZINESS,DIZZINESS,MILD,N,POSSIBLE,Y,2013-12-13,2013-12-13,1,RECOVERED/RESOLVED
01-714-1288,Xanomeline High Dose,81,77,M,DIARRHOEA,DIARRHOEA,MILD,N,POSSIBLE,Y,2013-12-14,2013-12-15,2,RECOVERED/RESOLVED
01-714-1288,Xanomeline High Dose,81,77,M,ERYTHEMA,ERYTHEMA,MILD,N,PROBABLE,Y,2014-01-11,NA,NA,NOT RECOVERED/NOT RESOLVED
01-714-1288,Xanomeline High Dose,81,77,M,NASOPHARYNGITIS,NASOPHARYNGITIS,MILD,N,NONE,Y,2014-01-22,2014-01-25,4,RECOVERED/RESOLVED
01-714-1288,Xanomeline High Dose,81,77,M,COUGH,COUGH,MILD,N,NONE,Y,2014-01-22,2014-01-25,4,RECOVERED/RESOLVED
01-714-1288,Xanomeline High Dose,81,77,M,BACK PAIN,BACK PAIN,MILD,N,NONE,Y,2014-02-24,2014-04-08,44,NOT RECOVERED/NOT RESOLVED
01-714-1288,Xanomeline High Dose,81,77,M,ARTHRALGIA,ARTHRALGIA,MODERATE,N,NONE,Y,2014-03-08,NA,NA,NOT RECOVERED/NOT RESOLVED
01-714-1288,Xanomeline High Dose,81,77,M,BACK PAIN,BACK PAIN,MILD,N,NONE,Y,2014-02-24,2014-04-08,44,RECOVERED/RESOLVED
01-714-1288,Xanomeline High Dose,81,77,M,SINUS BRADYCARDIA,SINUS BRADYCARDIA,MODERATE,N,REMOTE,Y,2014-05-27,NA,NA,NOT RECOVERED/NOT RESOLVED
01-714-1375,Placebo,0,78,F,SKIN IRRITATION,SKIN IRRITATION,MODERATE,N,NONE,Y,2013-03-30,2013-04-06,8,NOT RECOVERED/NOT RESOLVED
01-714-1375,Placebo,0,78,F,EAR PAIN,EAR PAIN,MILD,N,NONE,Y,2013-04-04,2013-04-15,12,NOT RECOVERED/NOT RESOLVED
01-714-1375,Placebo,0,78,F,SKIN IRRITATION,SKIN IRRITATION,MODERATE,N,NONE,Y,2013-03-30,2013-04-06,8,RECOVERED/RESOLVED
01-714-1375,Placebo,0,78,F,EAR PAIN,EAR PAIN,MILD,N,NONE,Y,2013-04-04,2013-04-15,12,RECOVERED/RESOLVED
01-714-1375,Placebo,0,78,F,PRURITUS,PRURITUS,MODERATE,N,PROBABLE,Y,2013-05-29,NA,NA,NOT RECOVERED/NOT RESOLVED
01-714-1375,Placebo,0,78,F,ERYTHEMA,ERYTHEMA,MODERATE,N,PROBABLE,Y,2013-06-16,NA,NA,NOT RECOVERED/NOT RESOLVED
01-714-1375,Placebo,0,78,F,PRURITUS,PRURITUS,MILD,N,PROBABLE,Y,2013-05-29,NA,NA,NOT RECOVERED/NOT RESOLVED
01-714-1375,Placebo,0,78,F,ERYTHEMA,ERYTHEMA,MILD,N,PROBABLE,Y,2013-06-16,NA,NA,NOT RECOVERED/NOT RESOLVED
01-714-1425,Xanomeline High Dose,81,81,M,ATRIOVENTRICULAR BLOCK SECOND DEGREE,ATRIOVENTRICULAR BLOCK SECOND DEGREE,MODERATE,N,NONE,N,2013-08-13,NA,NA,NOT RECOVERED/NOT RESOLVED
01-715-1107,Xanomeline Low Dose,54,65,M,DERMATITIS CONTACT,DERMATITIS CONTACT,MODERATE,N,PROBABLE,Y,2013-05-07,2013-05-21,15,NOT RECOVERED/NOT RESOLVED
01-715-1107,Xanomeline Low Dose,54,65,M,SINUS BRADYCARDIA,SINUS BRADYCARDIA,MILD,N,NONE,Y,2013-05-13,NA,NA,NOT RECOVERED/NOT RESOLVED
01-715-1107,Xanomeline Low Dose,54,65,M,DERMATITIS CONTACT,DERMATITIS CONTACT,MODERATE,N,PROBABLE,Y,2013-05-07,2013-05-21,15,RECOVERED/RESOLVED
01-715-1207,Placebo,0,78,F,NEPHROLITHIASIS,NEPHROLITHIASIS,MODERATE,N,NONE,Y,2013-01-10,2013-01-10,1,RECOVERED/RESOLVED
01-715-1319,Xanomeline High Dose,81,65,M,SINUS BRADYCARDIA,SINUS BRADYCARDIA,MODERATE,N,NONE,Y,2013-03-18,2013-03-18,1,RECOVERED/RESOLVED
01-715-1321,Xanomeline High Dose,81,75,F,NAUSEA,NAUSEA,MILD,N,REMOTE,Y,2014-03-14,2014-03-14,1,NOT RECOVERED/NOT RESOLVED
01-715-1321,Xanomeline High Dose,81,75,F,NAUSEA,NAUSEA,MILD,N,REMOTE,Y,2014-03-14,2014-03-14,1,RECOVERED/RESOLVED
01-715-1321,Xanomeline High Dose,81,75,F,APPLICATION SITE REACTION,APPLICATION SITE REACTION,MODERATE,N,PROBABLE,Y,2014-04-21,NA,NA,NOT RECOVERED/NOT RESOLVED
01-715-1321,Xanomeline High Dose,81,75,F,SINUS BRADYCARDIA,SINUS BRADYCARDIA,MILD,N,NONE,Y,2014-04-22,NA,NA,NOT RECOVERED/NOT RESOLVED
01-715-1405,Xanomeline Low Dose,54,69,M,PALPITATIONS,PALPITATIONS,MODERATE,N,PROBABLE,Y,2013-07-08,2013-07-08,1,RECOVERED/RESOLVED
01-715-1405,Xanomeline Low Dose,54,69,M,HYPERHIDROSIS,HYPERHIDROSIS,MODERATE,N,PROBABLE,Y,2013-07-08,2013-07-08,1,RECOVERED/RESOLVED
01-715-1405,Xanomeline Low Dose,54,69,M,DIZZINESS,DIZZINESS,MODERATE,N,PROBABLE,Y,2013-07-08,2013-07-08,1,RECOVERED/RESOLVED
01-715-1405,Xanomeline Low Dose,54,69,M,CONFUSIONAL STATE,CONFUSIONAL STATE,MODERATE,N,PROBABLE,Y,2013-07-08,2013-07-08,1,RECOVERED/RESOLVED
01-715-1405,Xanomeline Low Dose,54,69,M,SINUS BRADYCARDIA,SINUS BRADYCARDIA,MODERATE,N,NONE,Y,2013-07-13,2013-07-13,1,NOT RECOVERED/NOT RESOLVED
01-715-1405,Xanomeline Low Dose,54,69,M,SINUS BRADYCARDIA,SINUS BRADYCARDIA,MODERATE,N,NONE,Y,2013-07-13,2013-07-13,1,RECOVERED/RESOLVED
01-716-1024,Placebo,0,87,F,NASOPHARYNGITIS,NASOPHARYNGITIS,MODERATE,N,NONE,Y,2012-08-20,2012-09-27,39,NOT RECOVERED/NOT RESOLVED
01-716-1024,Placebo,0,87,F,NASOPHARYNGITIS,NASOPHARYNGITIS,MODERATE,N,NONE,Y,2012-08-20,2012-09-27,39,RECOVERED/RESOLVED
01-716-1024,Placebo,0,87,F,EMPHYSEMA,EMPHYSEMA,MILD,N,PROBABLE,Y,2012-12-16,NA,NA,NOT RECOVERED/NOT RESOLVED
01-716-1026,Placebo,0,73,F,HYPERHIDROSIS,HYPERHIDROSIS,MILD,N,POSSIBLE,Y,2014-04-17,NA,NA,NOT RECOVERED/NOT RESOLVED
01-716-1026,Placebo,0,73,F,PRURITUS,PRURITUS,MILD,N,POSSIBLE,Y,2014-04-17,NA,NA,NOT RECOVERED/NOT RESOLVED
01-716-1026,Placebo,0,73,F,ELECTROCARDIOGRAM T WAVE INVERSION,ELECTROCARDIOGRAM T WAVE INVERSION,MILD,N,REMOTE,Y,2014-04-18,2014-07-31,105,NOT RECOVERED/NOT RESOLVED
01-716-1026,Placebo,0,73,F,EAR INFECTION,EAR INFECTION,MILD,N,NONE,Y,2014-07-16,2014-07-25,10,RECOVERED/RESOLVED
01-716-1026,Placebo,0,73,F,ELECTROCARDIOGRAM T WAVE AMPLITUDE DECREASED,ELECTROCARDIOGRAM T WAVE AMPLITUDE DECREASED,MILD,N,REMOTE,Y,2014-07-31,NA,NA,NOT RECOVERED/NOT RESOLVED
01-716-1026,Placebo,0,73,F,ELECTROCARDIOGRAM T WAVE INVERSION,ELECTROCARDIOGRAM T WAVE INVERSION,MILD,N,REMOTE,Y,2014-04-18,2014-07-31,105,RECOVERED/RESOLVED
01-716-1026,Placebo,0,73,F,EAR INFECTION,EAR INFECTION,MILD,N,NONE,Y,2014-08-15,2014-08-27,13,RECOVERED/RESOLVED
01-716-1044,Placebo,0,74,M,DIARRHOEA,DIARRHOEA,MILD,N,POSSIBLE,Y,2013-05-21,2013-05-26,6,NOT RECOVERED/NOT RESOLVED
01-716-1044,Placebo,0,74,M,DIARRHOEA,DIARRHOEA,MILD,N,POSSIBLE,Y,2013-05-21,2013-05-26,6,RECOVERED/RESOLVED
01-716-1044,Placebo,0,74,M,CONFUSIONAL STATE,CONFUSIONAL STATE,MILD,N,POSSIBLE,Y,2013-10-15,NA,NA,NOT RECOVERED/NOT RESOLVED
01-716-1063,Xanomeline Low Dose,54,80,M,HYPERHIDROSIS,HYPERHIDROSIS,MILD,N,PROBABLE,Y,2013-05-09,NA,NA,NOT RECOVERED/NOT RESOLVED
01-716-1063,Xanomeline Low Dose,54,80,M,FATIGUE,FATIGUE,MILD,N,POSSIBLE,Y,2013-07-01,NA,NA,NOT RECOVERED/NOT RESOLVED
01-716-1063,Xanomeline Low Dose,54,80,M,PRURITUS,PRURITUS,MILD,N,PROBABLE,Y,2013-07-04,2013-07-28,25,NOT RECOVERED/NOT RESOLVED
01-716-1063,Xanomeline Low Dose,54,80,M,PRURITUS,PRURITUS,MILD,N,PROBABLE,Y,2013-07-04,2013-07-28,25,RECOVERED/RESOLVED
01-716-1063,Xanomeline Low Dose,54,80,M,RESTLESSNESS,RESTLESSNESS,MODERATE,N,PROBABLE,Y,2013-07-28,2013-07-31,4,NOT RECOVERED/NOT RESOLVED
01-716-1063,Xanomeline Low Dose,54,80,M,LETHARGY,LETHARGY,MODERATE,N,PROBABLE,Y,2013-07-31,NA,NA,NOT RECOVERED/NOT RESOLVED
01-716-1063,Xanomeline Low Dose,54,80,M,RESTLESSNESS,RESTLESSNESS,MODERATE,N,PROBABLE,Y,2013-07-28,2013-07-31,4,RECOVERED/RESOLVED
01-716-1071,Xanomeline High Dose,81,78,F,HYPERSOMNIA,HYPERSOMNIA,MILD,N,POSSIBLE,Y,2013-07-13,NA,NA,NOT RECOVERED/NOT RESOLVED
01-716-1071,Xanomeline High Dose,81,78,F,FATIGUE,FATIGUE,MILD,N,POSSIBLE,Y,2013-07-13,NA,NA,NOT RECOVERED/NOT RESOLVED
01-716-1071,Xanomeline High Dose,81,78,F,SYNCOPE,SYNCOPE,MODERATE,N,PROBABLE,Y,2013-07-31,2013-07-31,1,RECOVERED/RESOLVED
01-716-1094,Xanomeline Low Dose,54,82,M,ATRIAL FLUTTER,ATRIAL FLUTTER,MODERATE,N,POSSIBLE,Y,2013-01-19,NA,NA,NOT RECOVERED/NOT RESOLVED
01-716-1094,Xanomeline Low Dose,54,82,M,BUNDLE BRANCH BLOCK RIGHT,BUNDLE BRANCH BLOCK RIGHT,MODERATE,N,POSSIBLE,Y,2013-01-19,NA,NA,NOT RECOVERED/NOT RESOLVED
01-716-1094,Xanomeline Low Dose,54,82,M,VENTRICULAR SEPTAL DEFECT,VENTRICULAR SEPTAL DEFECT,MODERATE,N,POSSIBLE,Y,2013-01-19,NA,NA,NOT RECOVERED/NOT RESOLVED
01-716-1103,Xanomeline Low Dose,54,79,M,PRURITUS,PRURITUS,MODERATE,N,PROBABLE,Y,2014-07-09,NA,NA,NOT RECOVERED/NOT RESOLVED
01-716-1103,Xanomeline Low Dose,54,79,M,BLISTER,BLISTER,MODERATE,N,PROBABLE,Y,2014-07-09,2014-07-16,8,RECOVERED/RESOLVED
01-716-1103,Xanomeline Low Dose,54,79,M,ERYTHEMA,ERYTHEMA,MODERATE,N,PROBABLE,Y,2014-07-09,NA,NA,NOT RECOVERED/NOT RESOLVED
01-716-1103,Xanomeline Low Dose,54,79,M,BLISTER,BLISTER,SEVERE,N,PROBABLE,Y,2014-08-17,2014-08-24,8,NOT RECOVERED/NOT RESOLVED
01-716-1103,Xanomeline Low Dose,54,79,M,BLISTER,BLISTER,SEVERE,N,PROBABLE,Y,2014-08-17,2014-08-24,8,RECOVERED/RESOLVED
01-716-1108,Placebo,0,86,F,ELECTROCARDIOGRAM ST SEGMENT DEPRESSION,ELECTROCARDIOGRAM ST SEGMENT DEPRESSION,MILD,N,POSSIBLE,Y,2013-04-12,NA,NA,NOT RECOVERED/NOT RESOLVED
01-716-1108,Placebo,0,86,F,PRURITUS,PRURITUS,MILD,N,PROBABLE,Y,2013-05-01,NA,NA,NOT RECOVERED/NOT RESOLVED
01-716-1151,Xanomeline Low Dose,54,83,F,MALIGNANT FIBROUS HISTIOCYTOMA,MALIGNANT FIBROUS HISTIOCYTOMA,MILD,N,NONE,Y,2013-02-19,2013-03-22,32,NOT RECOVERED/NOT RESOLVED
01-716-1151,Xanomeline Low Dose,54,83,F,PRURITUS,PRURITUS,MODERATE,N,PROBABLE,Y,2013-03-15,NA,NA,NOT RECOVERED/NOT RESOLVED
01-716-1151,Xanomeline Low Dose,54,83,F,ERYTHEMA,ERYTHEMA,MODERATE,N,PROBABLE,Y,2013-03-15,NA,NA,NOT RECOVERED/NOT RESOLVED
01-716-1151,Xanomeline Low Dose,54,83,F,MALIGNANT FIBROUS HISTIOCYTOMA,MALIGNANT FIBROUS HISTIOCYTOMA,MILD,N,NONE,Y,2013-02-19,2013-03-22,32,RECOVERED/RESOLVED
01-716-1157,Xanomeline Low Dose,54,85,M,UPPER RESPIRATORY TRACT INFECTION,UPPER RESPIRATORY TRACT INFECTION,MILD,N,NONE,Y,2013-10-17,2013-11-04,19,NOT RECOVERED/NOT RESOLVED
01-716-1157,Xanomeline Low Dose,54,85,M,ERYTHEMA,ERYTHEMA,MILD,N,PROBABLE,Y,2013-10-25,NA,NA,NOT RECOVERED/NOT RESOLVED
01-716-1157,Xanomeline Low Dose,54,85,M,PRURITUS,PRURITUS,MILD,N,PROBABLE,Y,2013-10-25,NA,NA,NOT RECOVERED/NOT RESOLVED
01-716-1157,Xanomeline Low Dose,54,85,M,UPPER RESPIRATORY TRACT INFECTION,UPPER RESPIRATORY TRACT INFECTION,MILD,N,NONE,Y,2013-10-17,2013-11-04,19,RECOVERED/RESOLVED
01-716-1160,Placebo,0,83,F,PRURITUS,PRURITUS,MILD,N,PROBABLE,Y,2013-05-09,NA,NA,NOT RECOVERED/NOT RESOLVED
01-716-1160,Placebo,0,83,F,ERYTHEMA,ERYTHEMA,MILD,N,PROBABLE,Y,2013-05-09,NA,NA,NOT RECOVERED/NOT RESOLVED
01-716-1167,Xanomeline Low Dose,54,68,M,PRURITUS,PRURITUS,MODERATE,N,NONE,Y,2012-11-17,NA,NA,NOT RECOVERED/NOT RESOLVED
01-716-1167,Xanomeline Low Dose,54,68,M,SWELLING,SWELLING,MODERATE,N,NONE,Y,2012-11-17,NA,NA,NOT RECOVERED/NOT RESOLVED
01-716-1167,Xanomeline Low Dose,54,68,M,BLISTER,BLISTER,MODERATE,N,POSSIBLE,Y,2012-12-03,NA,NA,NOT RECOVERED/NOT RESOLVED
01-716-1167,Xanomeline Low Dose,54,68,M,HYPERSENSITIVITY,HYPERSENSITIVITY,MILD,N,NONE,Y,2013-03-10,2013-04-10,32,NOT RECOVERED/NOT RESOLVED
01-716-1167,Xanomeline Low Dose,54,68,M,HYPERSENSITIVITY,HYPERSENSITIVITY,MILD,N,NONE,Y,2013-03-10,2013-04-10,32,RECOVERED/RESOLVED
01-716-1177,Placebo,0,72,M,ERYTHEMA,ERYTHEMA,MILD,N,PROBABLE,N,2014-08-24,NA,NA,NOT RECOVERED/NOT RESOLVED
01-716-1189,Xanomeline High Dose,81,81,M,HALLUCINATION,HALLUCINATION,MODERATE,N,NONE,Y,2012-11-24,NA,NA,NOT RECOVERED/NOT RESOLVED
01-716-1189,Xanomeline High Dose,81,81,M,DELUSION,DELUSION,MODERATE,N,NONE,Y,2012-11-24,NA,NA,NOT RECOVERED/NOT RESOLVED
01-716-1189,Xanomeline High Dose,81,81,M,PRURITUS,PRURITUS,MILD,N,POSSIBLE,Y,2013-01-05,NA,NA,NOT RECOVERED/NOT RESOLVED
01-716-1189,Xanomeline High Dose,81,81,M,PROSTATE CANCER,PROSTATE CANCER,SEVERE,N,NONE,Y,2013-02-07,NA,NA,NOT RECOVERED/NOT RESOLVED
01-716-1229,Xanomeline High Dose,81,73,F,PRURITUS,PRURITUS,MODERATE,N,PROBABLE,Y,2013-02-20,NA,NA,NOT RECOVERED/NOT RESOLVED
01-716-1229,Xanomeline High Dose,81,73,F,BLOOD CHOLESTEROL INCREASED,BLOOD CHOLESTEROL INCREASED,MILD,N,NONE,Y,2013-03-06,NA,NA,NOT RECOVERED/NOT RESOLVED
01-716-1298,Xanomeline Low Dose,54,76,F,ERYTHEMA,ERYTHEMA,MODERATE,N,PROBABLE,Y,2013-04-22,2013-07-06,76,NOT RECOVERED/NOT RESOLVED
01-716-1298,Xanomeline Low Dose,54,76,F,PRURITUS,PRURITUS,MODERATE,N,PROBABLE,Y,2013-04-22,2013-07-06,76,NOT RECOVERED/NOT RESOLVED
01-716-1298,Xanomeline Low Dose,54,76,F,BLISTER,BLISTER,MODERATE,N,PROBABLE,Y,2013-06-08,2013-07-06,29,NOT RECOVERED/NOT RESOLVED
01-716-1298,Xanomeline Low Dose,54,76,F,ERYTHEMA,ERYTHEMA,MODERATE,N,PROBABLE,Y,2013-04-22,2013-07-06,76,RECOVERED/RESOLVED
01-716-1298,Xanomeline Low Dose,54,76,F,PRURITUS,PRURITUS,MODERATE,N,PROBABLE,Y,2013-04-22,2013-07-06,76,RECOVERED/RESOLVED
01-716-1298,Xanomeline Low Dose,54,76,F,BLISTER,BLISTER,MODERATE,N,PROBABLE,Y,2013-06-08,2013-07-06,29,RECOVERED/RESOLVED
01-716-1308,Placebo,0,76,F,ERYTHEMA,ERYTHEMA,MILD,N,PROBABLE,Y,2013-09-20,NA,NA,NOT RECOVERED/NOT RESOLVED
01-716-1311,Xanomeline Low Dose,54,78,M,ERYTHEMA,ERYTHEMA,MILD,N,PROBABLE,Y,2014-05-28,2014-09-22,118,NOT RECOVERED/NOT RESOLVED
01-716-1311,Xanomeline Low Dose,54,78,M,ABDOMINAL PAIN,ABDOMINAL PAIN,MODERATE,N,NONE,Y,2014-07-22,2014-08-02,12,RECOVERED/RESOLVED
01-716-1311,Xanomeline Low Dose,54,78,M,ULCER,ULCER,MODERATE,N,NONE,Y,2014-08-02,NA,NA,NOT RECOVERED/NOT RESOLVED
01-716-1311,Xanomeline Low Dose,54,78,M,ERYTHEMA,ERYTHEMA,MILD,N,PROBABLE,Y,2014-05-28,2014-09-22,118,RECOVERED/RESOLVED
01-716-1364,Xanomeline High Dose,81,84,F,PRURITUS,PRURITUS,MILD,N,PROBABLE,Y,2013-08-18,NA,NA,NOT RECOVERED/NOT RESOLVED
01-716-1364,Xanomeline High Dose,81,84,F,ERYTHEMA,ERYTHEMA,MILD,N,PROBABLE,Y,2013-09-02,NA,NA,NOT RECOVERED/NOT RESOLVED
01-716-1373,Xanomeline High Dose,81,74,M,COGNITIVE DISORDER,COGNITIVE DISORDER,MILD,N,NONE,Y,2012-12-14,NA,NA,NOT RECOVERED/NOT RESOLVED
01-716-1373,Xanomeline High Dose,81,74,M,PRURITUS,PRURITUS,MODERATE,N,PROBABLE,Y,2012-12-15,NA,NA,NOT RECOVERED/NOT RESOLVED
01-716-1418,Xanomeline High Dose,81,80,F,URTICARIA,URTICARIA,MILD,N,PROBABLE,Y,2013-05-05,2013-05-07,3,NOT RECOVERED/NOT RESOLVED
01-716-1418,Xanomeline High Dose,81,80,F,ERYTHEMA,ERYTHEMA,MILD,N,PROBABLE,Y,2013-05-05,NA,NA,NOT RECOVERED/NOT RESOLVED
01-716-1418,Xanomeline High Dose,81,80,F,URTICARIA,URTICARIA,MILD,N,PROBABLE,Y,2013-05-05,2013-05-07,3,RECOVERED/RESOLVED
01-716-1418,Xanomeline High Dose,81,80,F,PRURITUS,PRURITUS,MILD,N,PROBABLE,Y,2013-05-07,NA,NA,NOT RECOVERED/NOT RESOLVED
01-716-1418,Xanomeline High Dose,81,80,F,HEADACHE,HEADACHE,MODERATE,N,POSSIBLE,Y,2013-07-01,2013-09-26,NA,NOT RECOVERED/NOT RESOLVED
01-716-1418,Xanomeline High Dose,81,80,F,VISION BLURRED,VISION BLURRED,MODERATE,N,POSSIBLE,Y,2013-07-01,2013-10-04,NA,NOT RECOVERED/NOT RESOLVED
01-716-1418,Xanomeline High Dose,81,80,F,HEADACHE,HEADACHE,MODERATE,N,POSSIBLE,Y,2013-07-01,2013-09-26,NA,RECOVERED/RESOLVED
01-716-1418,Xanomeline High Dose,81,80,F,VISION BLURRED,VISION BLURRED,MODERATE,N,POSSIBLE,Y,2013-07-01,2013-10-04,NA,RECOVERED/RESOLVED
01-716-1418,Xanomeline High Dose,81,80,F,HEADACHE,HEADACHE,MILD,N,POSSIBLE,Y,2013-09-26,2013-11-11,47,NOT RECOVERED/NOT RESOLVED
01-716-1418,Xanomeline High Dose,81,80,F,HEADACHE,HEADACHE,MILD,N,POSSIBLE,Y,2013-09-26,2013-11-11,47,RECOVERED/RESOLVED
01-716-1441,Placebo,0,85,M,ERYTHEMA,ERYTHEMA,MILD,N,PROBABLE,Y,2014-05-11,NA,NA,NOT RECOVERED/NOT RESOLVED
01-716-1447,Xanomeline High Dose,81,72,F,HYPERHIDROSIS,HYPERHIDROSIS,MILD,N,POSSIBLE,Y,2014-01-01,NA,NA,NOT RECOVERED/NOT RESOLVED
01-716-1447,Xanomeline High Dose,81,72,F,ERYTHEMA,ERYTHEMA,MODERATE,N,PROBABLE,Y,2014-01-14,NA,NA,NOT RECOVERED/NOT RESOLVED
01-716-1447,Xanomeline High Dose,81,72,F,PRURITUS,PRURITUS,MODERATE,N,PROBABLE,Y,2014-01-14,NA,NA,NOT RECOVERED/NOT RESOLVED
01-716-1447,Xanomeline High Dose,81,72,F,ELECTROCARDIOGRAM T WAVE INVERSION,ELECTROCARDIOGRAM T WAVE INVERSION,MILD,N,POSSIBLE,Y,2014-03-14,NA,NA,NOT RECOVERED/NOT RESOLVED
01-716-1447,Xanomeline High Dose,81,72,F,CHEST PAIN,CHEST PAIN,MILD,N,REMOTE,Y,2014-04-05,2014-04-09,5,RECOVERED/RESOLVED
01-717-1004,Xanomeline Low Dose,54,80,F,ENURESIS,ENURESIS,MODERATE,N,POSSIBLE,N,2013-05-01,NA,NA,NOT RECOVERED/NOT RESOLVED
01-717-1004,Xanomeline Low Dose,54,80,F,DIARRHOEA,DIARRHOEA,MILD,N,POSSIBLE,N,2014-01-13,2014-02-10,29,NOT RECOVERED/NOT RESOLVED
01-717-1004,Xanomeline Low Dose,54,80,F,COUGH,COUGH,MODERATE,N,REMOTE,Y,2014-01-15,2014-02-18,35,NOT RECOVERED/NOT RESOLVED
01-717-1004,Xanomeline Low Dose,54,80,F,RHINORRHOEA,RHINORRHOEA,MILD,N,REMOTE,Y,2014-01-15,2014-02-08,25,NOT RECOVERED/NOT RESOLVED
01-717-1004,Xanomeline Low Dose,54,80,F,FATIGUE,FATIGUE,MODERATE,N,POSSIBLE,Y,2014-01-15,NA,NA,NOT RECOVERED/NOT RESOLVED
01-717-1004,Xanomeline Low Dose,54,80,F,SKIN IRRITATION,SKIN IRRITATION,MILD,N,PROBABLE,Y,2014-01-15,2014-02-09,26,NOT RECOVERED/NOT RESOLVED
01-717-1004,Xanomeline Low Dose,54,80,F,ANXIETY,ANXIETY,MILD,N,POSSIBLE,Y,2014-01-15,NA,NA,NOT RECOVERED/NOT RESOLVED
01-717-1004,Xanomeline Low Dose,54,80,F,IRRITABILITY,IRRITABILITY,MILD,N,POSSIBLE,Y,2014-01-15,NA,NA,NOT RECOVERED/NOT RESOLVED
01-717-1004,Xanomeline Low Dose,54,80,F,RHINORRHOEA,RHINORRHOEA,MILD,N,REMOTE,Y,2014-01-15,2014-02-08,25,RECOVERED/RESOLVED
01-717-1004,Xanomeline Low Dose,54,80,F,DIARRHOEA,DIARRHOEA,MILD,N,POSSIBLE,N,2014-01-13,2014-02-10,29,RECOVERED/RESOLVED
01-717-1004,Xanomeline Low Dose,54,80,F,SKIN IRRITATION,SKIN IRRITATION,MILD,N,PROBABLE,Y,2014-01-15,2014-02-09,26,RECOVERED/RESOLVED
01-717-1004,Xanomeline Low Dose,54,80,F,COUGH,COUGH,MODERATE,N,REMOTE,Y,2014-01-15,2014-02-18,35,RECOVERED/RESOLVED
01-717-1004,Xanomeline Low Dose,54,80,F,SKIN IRRITATION,SKIN IRRITATION,MILD,N,PROBABLE,Y,2014-03-09,2014-03-15,7,NOT RECOVERED/NOT RESOLVED
01-717-1004,Xanomeline Low Dose,54,80,F,SKIN IRRITATION,SKIN IRRITATION,MILD,N,PROBABLE,Y,2014-03-09,2014-03-15,7,RECOVERED/RESOLVED
01-717-1004,Xanomeline Low Dose,54,80,F,SINUS BRADYCARDIA,SINUS BRADYCARDIA,MILD,N,POSSIBLE,Y,2014-04-08,NA,NA,NOT RECOVERED/NOT RESOLVED
01-717-1004,Xanomeline Low Dose,54,80,F,SKIN IRRITATION,SKIN IRRITATION,MILD,N,PROBABLE,Y,2014-04-21,NA,NA,NOT RECOVERED/NOT RESOLVED
01-717-1004,Xanomeline Low Dose,54,80,F,BACK PAIN,BACK PAIN,MODERATE,N,NONE,Y,2014-05-21,NA,NA,NOT RECOVERED/NOT RESOLVED
01-717-1004,Xanomeline Low Dose,54,80,F,WOUND,WOUND,MILD,N,PROBABLE,Y,2014-06-03,2014-06-10,8,NOT RECOVERED/NOT RESOLVED
01-717-1004,Xanomeline Low Dose,54,80,F,WOUND,WOUND,MILD,N,PROBABLE,Y,2014-06-03,2014-06-10,8,RECOVERED/RESOLVED
01-717-1109,Xanomeline High Dose,81,84,M,INCREASED APPETITE,INCREASED APPETITE,MILD,N,REMOTE,Y,2014-01-29,2014-07-16,169,NOT RECOVERED/NOT RESOLVED
01-717-1109,Xanomeline High Dose,81,84,M,SKIN IRRITATION,SKIN IRRITATION,MILD,N,PROBABLE,Y,2014-02-15,NA,NA,NOT RECOVERED/NOT RESOLVED
01-717-1109,Xanomeline High Dose,81,84,M,HYPERHIDROSIS,HYPERHIDROSIS,MILD,N,POSSIBLE,Y,2014-02-15,2014-02-17,3,RECOVERED/RESOLVED
01-717-1109,Xanomeline High Dose,81,84,M,CONFUSIONAL STATE,CONFUSIONAL STATE,MILD,N,REMOTE,Y,2014-02-20,NA,NA,NOT RECOVERED/NOT RESOLVED
01-717-1109,Xanomeline High Dose,81,84,M,INSOMNIA,INSOMNIA,MILD,N,POSSIBLE,Y,2014-02-22,NA,NA,NOT RECOVERED/NOT RESOLVED
01-717-1109,Xanomeline High Dose,81,84,M,PRURITUS GENERALISED,PRURITUS GENERALISED,MILD,N,PROBABLE,Y,2014-03-04,NA,NA,NOT RECOVERED/NOT RESOLVED
01-717-1109,Xanomeline High Dose,81,84,M,VENTRICULAR EXTRASYSTOLES,VENTRICULAR EXTRASYSTOLES,MILD,N,NONE,Y,2014-04-18,NA,NA,NOT RECOVERED/NOT RESOLVED
01-717-1109,Xanomeline High Dose,81,84,M,INCREASED APPETITE,INCREASED APPETITE,MILD,N,REMOTE,Y,2014-01-29,2014-07-16,169,RECOVERED/RESOLVED
01-717-1174,Xanomeline High Dose,81,73,M,SKIN IRRITATION,SKIN IRRITATION,MILD,N,PROBABLE,Y,2013-01-26,NA,NA,NOT RECOVERED/NOT RESOLVED
01-717-1174,Xanomeline High Dose,81,73,M,PRURITUS,PRURITUS,MILD,N,PROBABLE,Y,2013-02-03,NA,NA,NOT RECOVERED/NOT RESOLVED
01-717-1174,Xanomeline High Dose,81,73,M,INSOMNIA,INSOMNIA,MILD,N,POSSIBLE,Y,2013-04-17,2013-04-19,3,RECOVERED/RESOLVED
01-717-1174,Xanomeline High Dose,81,73,M,RASH,RASH,SEVERE,N,REMOTE,Y,2013-04-25,2013-04-26,2,RECOVERED/RESOLVED
01-717-1174,Xanomeline High Dose,81,73,M,SKIN IRRITATION,SKIN IRRITATION,MODERATE,N,PROBABLE,Y,2013-01-26,NA,NA,NOT RECOVERED/NOT RESOLVED
01-717-1174,Xanomeline High Dose,81,73,M,PRURITUS,PRURITUS,MODERATE,N,PROBABLE,Y,2013-02-03,NA,NA,NOT RECOVERED/NOT RESOLVED
01-717-1201,Placebo,0,85,F,SKIN IRRITATION,SKIN IRRITATION,MILD,N,PROBABLE,Y,2013-12-19,NA,NA,NOT RECOVERED/NOT RESOLVED
01-717-1201,Placebo,0,85,F,ALOPECIA,ALOPECIA,MILD,N,REMOTE,Y,2014-01-15,NA,NA,NOT RECOVERED/NOT RESOLVED
01-717-1344,Placebo,0,64,F,NASAL CONGESTION,NASAL CONGESTION,MILD,N,REMOTE,Y,2014-02-01,2014-02-06,6,RECOVERED/RESOLVED
01-717-1344,Placebo,0,64,F,FATIGUE,FATIGUE,MILD,N,POSSIBLE,Y,2014-02-01,2014-02-18,18,NOT RECOVERED/NOT RESOLVED
01-717-1344,Placebo,0,64,F,FATIGUE,FATIGUE,MILD,N,POSSIBLE,Y,2014-02-01,2014-02-18,18,RECOVERED/RESOLVED
01-717-1344,Placebo,0,64,F,NAUSEA,NAUSEA,MODERATE,N,REMOTE,Y,2014-02-28,2014-03-01,2,RECOVERED/RESOLVED
01-717-1344,Placebo,0,64,F,VOMITING,VOMITING,MODERATE,N,REMOTE,Y,2014-02-28,2014-03-01,2,RECOVERED/RESOLVED
01-717-1357,Xanomeline High Dose,81,77,M,DIZZINESS,DIZZINESS,MODERATE,N,NONE,N,1994-04-01,NA,NA,NOT RECOVERED/NOT RESOLVED
01-717-1357,Xanomeline High Dose,81,77,M,SKIN IRRITATION,SKIN IRRITATION,MILD,N,PROBABLE,Y,2013-05-23,NA,NA,NOT RECOVERED/NOT RESOLVED
01-717-1357,Xanomeline High Dose,81,77,M,OEDEMA PERIPHERAL,OEDEMA PERIPHERAL,MODERATE,N,POSSIBLE,Y,2013-05-29,NA,NA,NOT RECOVERED/NOT RESOLVED
01-717-1357,Xanomeline High Dose,81,77,M,APPLICATION SITE PERSPIRATION,APPLICATION SITE PERSPIRATION,MODERATE,N,PROBABLE,Y,2013-06-11,2013-10-15,127,NOT RECOVERED/NOT RESOLVED
01-717-1357,Xanomeline High Dose,81,77,M,SKIN IRRITATION,SKIN IRRITATION,MODERATE,N,PROBABLE,Y,2013-05-23,NA,NA,NOT RECOVERED/NOT RESOLVED
01-717-1357,Xanomeline High Dose,81,77,M,VOMITING,VOMITING,MODERATE,N,REMOTE,Y,2013-07-07,2013-07-08,2,RECOVERED/RESOLVED
01-717-1357,Xanomeline High Dose,81,77,M,NAUSEA,NAUSEA,MILD,N,REMOTE,Y,2013-07-22,2013-07-22,1,RECOVERED/RESOLVED
01-717-1357,Xanomeline High Dose,81,77,M,DIZZINESS,DIZZINESS,MODERATE,N,REMOTE,Y,2013-08-10,2013-08-10,1,RECOVERED/RESOLVED
01-717-1357,Xanomeline High Dose,81,77,M,APPLICATION SITE PERSPIRATION,APPLICATION SITE PERSPIRATION,MODERATE,N,PROBABLE,Y,2013-06-11,2013-10-15,127,RECOVERED/RESOLVED
01-717-1446,Xanomeline Low Dose,54,75,F,ANXIETY,ANXIETY,MILD,N,POSSIBLE,Y,2013-09-15,2013-09-16,2,NOT RECOVERED/NOT RESOLVED
01-717-1446,Xanomeline Low Dose,54,75,F,ANXIETY,ANXIETY,MILD,N,POSSIBLE,Y,2013-09-15,2013-09-16,2,RECOVERED/RESOLVED
01-717-1446,Xanomeline Low Dose,54,75,F,SKIN IRRITATION,SKIN IRRITATION,MODERATE,N,POSSIBLE,Y,2013-09-19,NA,NA,NOT RECOVERED/NOT RESOLVED
01-717-1446,Xanomeline Low Dose,54,75,F,SINUS BRADYCARDIA,SINUS BRADYCARDIA,MILD,N,REMOTE,Y,2013-10-06,2014-03-03,149,NOT RECOVERED/NOT RESOLVED
01-717-1446,Xanomeline Low Dose,54,75,F,RASH,RASH,MILD,N,REMOTE,Y,2013-10-07,2013-10-11,5,NOT RECOVERED/NOT RESOLVED
01-717-1446,Xanomeline Low Dose,54,75,F,RASH,RASH,MILD,N,REMOTE,Y,2013-10-07,2013-10-11,5,RECOVERED/RESOLVED
01-717-1446,Xanomeline Low Dose,54,75,F,PAIN,PAIN,MODERATE,N,PROBABLE,Y,2014-01-13,2014-01-14,2,RECOVERED/RESOLVED
01-717-1446,Xanomeline Low Dose,54,75,F,PAIN,PAIN,MODERATE,N,PROBABLE,Y,2014-01-28,NA,NA,NOT RECOVERED/NOT RESOLVED
01-717-1446,Xanomeline Low Dose,54,75,F,SINUS BRADYCARDIA,SINUS BRADYCARDIA,MILD,N,REMOTE,Y,2013-10-06,2014-03-03,149,RECOVERED/RESOLVED
01-718-1066,Xanomeline Low Dose,54,79,F,SYNCOPE,SYNCOPE,SEVERE,N,POSSIBLE,Y,2013-07-16,2013-07-20,5,RECOVERED/RESOLVED
01-718-1066,Xanomeline Low Dose,54,79,F,AGITATION,AGITATION,MODERATE,N,POSSIBLE,Y,2013-07-18,NA,NA,NOT RECOVERED/NOT RESOLVED
01-718-1066,Xanomeline Low Dose,54,79,F,SYNCOPE,SYNCOPE,SEVERE,N,POSSIBLE,Y,2013-07-30,NA,NA,NOT RECOVERED/NOT RESOLVED
01-718-1066,Xanomeline Low Dose,54,79,F,INFLAMMATION,INFLAMMATION,MODERATE,N,REMOTE,Y,2013-07-30,NA,NA,NOT RECOVERED/NOT RESOLVED
01-718-1079,Xanomeline Low Dose,54,67,F,CONFUSIONAL STATE,CONFUSIONAL STATE,MODERATE,N,POSSIBLE,Y,2012-10-05,NA,NA,NOT RECOVERED/NOT RESOLVED
01-718-1079,Xanomeline Low Dose,54,67,F,APPLICATION SITE IRRITATION,APPLICATION SITE IRRITATION,MODERATE,N,PROBABLE,Y,2012-10-05,NA,NA,NOT RECOVERED/NOT RESOLVED
01-718-1079,Xanomeline Low Dose,54,67,F,APPLICATION SITE IRRITATION,APPLICATION SITE IRRITATION,SEVERE,N,PROBABLE,Y,2012-10-05,NA,NA,NOT RECOVERED/NOT RESOLVED
01-718-1101,Xanomeline High Dose,81,82,M,VOMITING,VOMITING,MILD,N,NONE,Y,2013-03-06,2013-03-06,1,RECOVERED/RESOLVED
01-718-1101,Xanomeline High Dose,81,82,M,SINUS BRADYCARDIA,SINUS BRADYCARDIA,MILD,N,NONE,Y,2013-04-13,2013-05-12,30,NOT RECOVERED/NOT RESOLVED
01-718-1101,Xanomeline High Dose,81,82,M,HYPERHIDROSIS,HYPERHIDROSIS,MILD,N,POSSIBLE,Y,2013-04-14,2013-07-06,84,NOT RECOVERED/NOT RESOLVED
01-718-1101,Xanomeline High Dose,81,82,M,SINUS BRADYCARDIA,SINUS BRADYCARDIA,MILD,N,NONE,Y,2013-04-13,2013-05-12,30,RECOVERED/RESOLVED
01-718-1101,Xanomeline High Dose,81,82,M,MYOCARDIAL INFARCTION,MYOCARDIAL INFARCTION,MILD,N,NONE,Y,2013-07-06,NA,NA,NOT RECOVERED/NOT RESOLVED
01-718-1101,Xanomeline High Dose,81,82,M,HYPERHIDROSIS,HYPERHIDROSIS,MILD,N,POSSIBLE,Y,2013-04-14,2013-07-06,84,RECOVERED/RESOLVED
01-718-1139,Placebo,0,77,M,SOMNOLENCE,SOMNOLENCE,MODERATE,N,POSSIBLE,Y,2013-06-03,2013-07-16,44,NOT RECOVERED/NOT RESOLVED
01-718-1139,Placebo,0,77,M,SOMNOLENCE,SOMNOLENCE,MODERATE,N,POSSIBLE,Y,2013-06-03,2013-07-16,44,RECOVERED/RESOLVED
01-718-1139,Placebo,0,77,M,DIARRHOEA,DIARRHOEA,MILD,N,NONE,Y,2013-11-16,2013-11-16,1,RECOVERED/RESOLVED
01-718-1150,Placebo,0,73,F,BRADYCARDIA,BRADYCARDIA,MILD,N,POSSIBLE,Y,2013-02-16,2013-03-17,30,NOT RECOVERED/NOT RESOLVED
01-718-1150,Placebo,0,73,F,UPPER RESPIRATORY TRACT INFECTION,UPPER RESPIRATORY TRACT INFECTION,MODERATE,N,NONE,Y,2013-03-06,2013-03-26,21,NOT RECOVERED/NOT RESOLVED
01-718-1150,Placebo,0,73,F,APPLICATION SITE IRRITATION,APPLICATION SITE IRRITATION,MILD,N,PROBABLE,Y,2013-03-15,2013-03-15,1,RECOVERED/RESOLVED
01-718-1150,Placebo,0,73,F,BRADYCARDIA,BRADYCARDIA,MILD,N,POSSIBLE,Y,2013-02-16,2013-03-17,30,RECOVERED/RESOLVED
01-718-1150,Placebo,0,73,F,UPPER RESPIRATORY TRACT INFECTION,UPPER RESPIRATORY TRACT INFECTION,MODERATE,N,NONE,Y,2013-03-06,2013-03-26,21,RECOVERED/RESOLVED
01-718-1150,Placebo,0,73,F,BRADYCARDIA,BRADYCARDIA,MILD,N,POSSIBLE,Y,2013-05-10,2013-07-07,59,NOT RECOVERED/NOT RESOLVED
01-718-1150,Placebo,0,73,F,FOOD CRAVING,FOOD CRAVING,MILD,N,POSSIBLE,Y,2013-06-09,NA,NA,NOT RECOVERED/NOT RESOLVED
01-718-1150,Placebo,0,73,F,APPLICATION SITE IRRITATION,APPLICATION SITE IRRITATION,MILD,N,PROBABLE,Y,2013-06-16,NA,NA,NOT RECOVERED/NOT RESOLVED
01-718-1150,Placebo,0,73,F,BRADYCARDIA,BRADYCARDIA,MILD,N,POSSIBLE,Y,2013-05-10,2013-07-07,59,RECOVERED/RESOLVED
01-718-1150,Placebo,0,73,F,SINUS BRADYCARDIA,SINUS BRADYCARDIA,MILD,N,POSSIBLE,Y,2013-07-31,NA,NA,NOT RECOVERED/NOT RESOLVED
01-718-1170,Xanomeline Low Dose,54,80,F,DIZZINESS,DIZZINESS,MODERATE,N,POSSIBLE,Y,2013-10-07,2013-10-07,1,RECOVERED/RESOLVED
01-718-1170,Xanomeline Low Dose,54,80,F,HYPERHIDROSIS,HYPERHIDROSIS,MODERATE,N,POSSIBLE,Y,2013-10-11,2013-10-12,2,RECOVERED/RESOLVED
01-718-1170,Xanomeline Low Dose,54,80,F,BODY TEMPERATURE INCREASED,BODY TEMPERATURE INCREASED,MILD,N,POSSIBLE,Y,2013-10-11,2013-10-12,2,RECOVERED/RESOLVED
01-718-1170,Xanomeline Low Dose,54,80,F,HYPERTENSION,HYPERTENSION,MILD,N,POSSIBLE,Y,2013-10-11,2013-10-12,2,RECOVERED/RESOLVED
01-718-1170,Xanomeline Low Dose,54,80,F,SYNCOPE,SYNCOPE,SEVERE,Y,PROBABLE,Y,2013-10-12,2013-10-13,2,RECOVERED/RESOLVED
01-718-1170,Xanomeline Low Dose,54,80,F,AGITATION,AGITATION,SEVERE,N,POSSIBLE,Y,2013-10-16,NA,NA,NOT RECOVERED/NOT RESOLVED
01-718-1250,Xanomeline Low Dose,54,82,F,BALANCE DISORDER,BALANCE DISORDER,MODERATE,N,POSSIBLE,Y,2013-10-09,2013-11-15,38,NOT RECOVERED/NOT RESOLVED
01-718-1250,Xanomeline Low Dose,54,82,F,FALL,FALL,MILD,N,REMOTE,Y,2013-10-09,2013-10-09,1,RECOVERED/RESOLVED
01-718-1250,Xanomeline Low Dose,54,82,F,CONTUSION,CONTUSION,MODERATE,N,REMOTE,Y,2013-10-15,2013-11-02,19,NOT RECOVERED/NOT RESOLVED
01-718-1250,Xanomeline Low Dose,54,82,F,BALANCE DISORDER,BALANCE DISORDER,MILD,N,POSSIBLE,Y,2013-10-09,2013-11-15,38,NOT RECOVERED/NOT RESOLVED
01-718-1250,Xanomeline Low Dose,54,82,F,CONTUSION,CONTUSION,MILD,N,REMOTE,Y,2013-10-15,2013-11-02,19,NOT RECOVERED/NOT RESOLVED
01-718-1250,Xanomeline Low Dose,54,82,F,BALANCE DISORDER,BALANCE DISORDER,MILD,N,POSSIBLE,Y,2013-10-09,2013-11-15,38,RECOVERED/RESOLVED
01-718-1250,Xanomeline Low Dose,54,82,F,CONTUSION,CONTUSION,MILD,N,REMOTE,Y,2013-10-15,2013-11-02,19,RECOVERED/RESOLVED
01-718-1250,Xanomeline Low Dose,54,82,F,COORDINATION ABNORMAL,COORDINATION ABNORMAL,MILD,N,POSSIBLE,Y,2013-11-15,2013-11-15,1,RECOVERED/RESOLVED
01-718-1250,Xanomeline Low Dose,54,82,F,APPLICATION SITE PRURITUS,APPLICATION SITE PRURITUS,MODERATE,N,PROBABLE,Y,2013-12-29,2014-02-19,53,NOT RECOVERED/NOT RESOLVED
01-718-1250,Xanomeline Low Dose,54,82,F,APPLICATION SITE PRURITUS,APPLICATION SITE PRURITUS,MILD,N,PROBABLE,Y,2013-12-29,2014-02-19,53,NOT RECOVERED/NOT RESOLVED
01-718-1250,Xanomeline Low Dose,54,82,F,APPLICATION SITE PRURITUS,APPLICATION SITE PRURITUS,MILD,N,PROBABLE,Y,2013-12-29,2014-02-19,53,RECOVERED/RESOLVED
01-718-1254,Xanomeline Low Dose,54,78,M,ARTHRALGIA,ARTHRALGIA,MODERATE,N,NONE,Y,2013-07-13,NA,NA,NOT RECOVERED/NOT RESOLVED
01-718-1254,Xanomeline Low Dose,54,78,M,ARTHRALGIA,ARTHRALGIA,MILD,N,NONE,Y,2013-07-25,2013-07-25,1,NOT RECOVERED/NOT RESOLVED
01-718-1254,Xanomeline Low Dose,54,78,M,ARTHRALGIA,ARTHRALGIA,MILD,N,NONE,Y,2013-07-25,2013-07-25,1,RECOVERED/RESOLVED
01-718-1254,Xanomeline Low Dose,54,78,M,APPLICATION SITE DISCOLOURATION,APPLICATION SITE DISCOLOURATION,MODERATE,N,PROBABLE,Y,2013-08-13,NA,NA,NOT RECOVERED/NOT RESOLVED
01-718-1254,Xanomeline Low Dose,54,78,M,APPLICATION SITE PRURITUS,APPLICATION SITE PRURITUS,MODERATE,N,PROBABLE,Y,2013-08-13,NA,NA,NOT RECOVERED/NOT RESOLVED
01-718-1254,Xanomeline Low Dose,54,78,M,SOMNOLENCE,SOMNOLENCE,MODERATE,N,REMOTE,Y,2013-09-03,2013-09-19,17,NOT RECOVERED/NOT RESOLVED
01-718-1254,Xanomeline Low Dose,54,78,M,SOMNOLENCE,SOMNOLENCE,MODERATE,N,REMOTE,Y,2013-09-03,2013-09-19,17,RECOVERED/RESOLVED
01-718-1254,Xanomeline Low Dose,54,78,M,FOOD CRAVING,FOOD CRAVING,MODERATE,N,,Y,2013-10-31,NA,NA,NOT RECOVERED/NOT RESOLVED
01-718-1254,Xanomeline Low Dose,54,78,M,DYSPHAGIA,DYSPHAGIA,MODERATE,N,,Y,2013-10-31,NA,NA,NOT RECOVERED/NOT RESOLVED
01-718-1328,Xanomeline High Dose,81,86,M,APPLICATION SITE DERMATITIS,APPLICATION SITE DERMATITIS,MILD,N,PROBABLE,Y,2013-03-23,2013-03-25,3,RECOVERED/RESOLVED
01-718-1328,Xanomeline High Dose,81,86,M,APPLICATION SITE IRRITATION,APPLICATION SITE IRRITATION,MILD,N,PROBABLE,Y,2013-03-23,2013-03-25,3,RECOVERED/RESOLVED
01-718-1328,Xanomeline High Dose,81,86,M,APPLICATION SITE IRRITATION,APPLICATION SITE IRRITATION,MILD,N,PROBABLE,Y,2013-04-02,2013-04-21,20,NOT RECOVERED/NOT RESOLVED
01-718-1328,Xanomeline High Dose,81,86,M,APPLICATION SITE IRRITATION,APPLICATION SITE IRRITATION,MODERATE,N,PROBABLE,Y,2013-04-02,2013-04-21,20,RECOVERED/RESOLVED
01-718-1355,Placebo,0,79,M,SKIN ULCER,SKIN ULCER,MODERATE,N,PROBABLE,Y,2013-03-08,2013-03-22,15,NOT RECOVERED/NOT RESOLVED
01-718-1355,Placebo,0,79,M,SKIN ULCER,SKIN ULCER,MODERATE,N,PROBABLE,Y,2013-03-08,2013-03-22,15,RECOVERED/RESOLVED
01-718-1355,Placebo,0,79,M,DERMATITIS ATOPIC,DERMATITIS ATOPIC,MODERATE,N,NONE,N,NA,NA,NA,NOT RECOVERED/NOT RESOLVED
01-718-1355,Placebo,0,79,M,CONFUSIONAL STATE,CONFUSIONAL STATE,MODERATE,N,REMOTE,Y,2013-04-17,NA,NA,NOT RECOVERED/NOT RESOLVED
01-718-1355,Placebo,0,79,M,APPLICATION SITE DERMATITIS,APPLICATION SITE DERMATITIS,MILD,N,PROBABLE,Y,2013-04-27,2013-04-27,1,RECOVERED/RESOLVED
01-718-1355,Placebo,0,79,M,APPLICATION SITE DERMATITIS,APPLICATION SITE DERMATITIS,MILD,N,PROBABLE,Y,2013-05-12,2013-05-12,1,RECOVERED/RESOLVED
01-718-1355,Placebo,0,79,M,APPLICATION SITE DERMATITIS,APPLICATION SITE DERMATITIS,MILD,N,PROBABLE,Y,2013-05-16,2013-05-16,1,RECOVERED/RESOLVED
01-718-1355,Placebo,0,79,M,APPLICATION SITE DERMATITIS,APPLICATION SITE DERMATITIS,MILD,N,PROBABLE,Y,2013-05-20,2013-05-20,1,RECOVERED/RESOLVED
01-718-1355,Placebo,0,79,M,SOMNOLENCE,SOMNOLENCE,MODERATE,N,NONE,Y,2013-05-25,NA,NA,NOT RECOVERED/NOT RESOLVED
01-718-1355,Placebo,0,79,M,APPLICATION SITE REACTION,APPLICATION SITE REACTION,MILD,N,PROBABLE,Y,2013-06-23,2013-08-13,52,NOT RECOVERED/NOT RESOLVED
01-718-1355,Placebo,0,79,M,APPLICATION SITE REACTION,APPLICATION SITE REACTION,MODERATE,N,PROBABLE,Y,2013-06-23,2013-08-13,52,RECOVERED/RESOLVED
01-718-1355,Placebo,0,79,M,HYPERTENSION,HYPERTENSION,MODERATE,N,REMOTE,Y,2013-08-15,2013-08-29,15,NOT RECOVERED/NOT RESOLVED
01-718-1355,Placebo,0,79,M,HYPERTENSION,HYPERTENSION,MODERATE,N,REMOTE,Y,2013-08-15,2013-08-29,15,RECOVERED/RESOLVED
01-718-1371,Xanomeline High Dose,81,69,F,FATIGUE,FATIGUE,MILD,N,POSSIBLE,Y,2013-05-09,2013-05-11,3,RECOVERED/RESOLVED
01-718-1371,Xanomeline High Dose,81,69,F,NAUSEA,NAUSEA,MILD,N,POSSIBLE,Y,2013-05-09,2013-05-11,3,RECOVERED/RESOLVED
01-718-1371,Xanomeline High Dose,81,69,F,APPLICATION SITE IRRITATION,APPLICATION SITE IRRITATION,MILD,N,PROBABLE,Y,2013-05-24,NA,NA,NOT RECOVERED/NOT RESOLVED
01-718-1371,Xanomeline High Dose,81,69,F,PARTIAL SEIZURES WITH SECONDARY GENERALISATION,PARTIAL SEIZURES WITH SECONDARY GENERALISATION,SEVERE,Y,NONE,Y,2013-06-02,2013-06-05,4,RECOVERED/RESOLVED
01-718-1371,Xanomeline High Dose,81,69,F,"HALLUCINATION, VISUAL","HALLUCINATION, VISUAL",MODERATE,N,POSSIBLE,Y,2013-06-02,2013-06-03,2,RECOVERED/RESOLVED
01-718-1371,Xanomeline High Dose,81,69,F,APPLICATION SITE IRRITATION,APPLICATION SITE IRRITATION,MODERATE,N,PROBABLE,Y,2013-05-24,NA,NA,NOT RECOVERED/NOT RESOLVED
01-718-1427,Xanomeline High Dose,81,74,F,BACK PAIN,BACK PAIN,MILD,N,NONE,Y,2012-12-18,2012-12-18,1,RECOVERED/RESOLVED
01-718-1427,Xanomeline High Dose,81,74,F,NAUSEA,NAUSEA,MODERATE,N,REMOTE,Y,2012-12-26,2012-12-26,1,RECOVERED/RESOLVED
01-718-1427,Xanomeline High Dose,81,74,F,AMNESIA,AMNESIA,MILD,N,NONE,Y,2013-01-01,2013-01-19,19,NOT RECOVERED/NOT RESOLVED
01-718-1427,Xanomeline High Dose,81,74,F,NAUSEA,NAUSEA,MODERATE,N,POSSIBLE,Y,2013-01-03,2013-01-09,7,RECOVERED/RESOLVED
01-718-1427,Xanomeline High Dose,81,74,F,LETHARGY,LETHARGY,MODERATE,N,POSSIBLE,Y,2013-01-05,2013-01-05,1,RECOVERED/RESOLVED
01-718-1427,Xanomeline High Dose,81,74,F,NAUSEA,NAUSEA,MODERATE,N,POSSIBLE,Y,2013-01-16,2013-01-16,1,RECOVERED/RESOLVED
01-718-1427,Xanomeline High Dose,81,74,F,AMNESIA,AMNESIA,MILD,N,NONE,Y,2013-01-01,2013-01-19,19,RECOVERED/RESOLVED
01-718-1427,Xanomeline High Dose,81,74,F,NAUSEA,NAUSEA,SEVERE,N,PROBABLE,Y,2013-01-21,2013-01-24,4,RECOVERED/RESOLVED
01-718-1427,Xanomeline High Dose,81,74,F,APPLICATION SITE PRURITUS,APPLICATION SITE PRURITUS,MODERATE,N,PROBABLE,Y,2013-01-27,2013-01-28,2,NOT RECOVERED/NOT RESOLVED
01-718-1427,Xanomeline High Dose,81,74,F,APPLICATION SITE DERMATITIS,APPLICATION SITE DERMATITIS,MODERATE,N,PROBABLE,Y,2013-01-27,2013-01-27,1,RECOVERED/RESOLVED
01-718-1427,Xanomeline High Dose,81,74,F,APPLICATION SITE PRURITUS,APPLICATION SITE PRURITUS,MODERATE,N,PROBABLE,Y,2013-01-27,2013-01-28,2,RECOVERED/RESOLVED
01-718-1427,Xanomeline High Dose,81,74,F,APPLICATION SITE DERMATITIS,APPLICATION SITE DERMATITIS,MILD,N,PROBABLE,Y,2013-01-29,NA,NA,NOT RECOVERED/NOT RESOLVED
01-718-1427,Xanomeline High Dose,81,74,F,DECREASED APPETITE,DECREASED APPETITE,MODERATE,N,POSSIBLE,Y,2013-02-04,2013-02-25,22,NOT RECOVERED/NOT RESOLVED
01-718-1427,Xanomeline High Dose,81,74,F,NAUSEA,NAUSEA,MODERATE,N,POSSIBLE,Y,2013-02-04,2013-02-25,22,NOT RECOVERED/NOT RESOLVED
01-718-1427,Xanomeline High Dose,81,74,F,DECREASED APPETITE,DECREASED APPETITE,MODERATE,N,POSSIBLE,Y,2013-02-04,2013-02-25,22,RECOVERED/RESOLVED
01-718-1427,Xanomeline High Dose,81,74,F,NAUSEA,NAUSEA,MODERATE,N,POSSIBLE,Y,2013-02-04,2013-02-25,22,RECOVERED/RESOLVED
